Time,Title,Content,Tags
"2023-03-02, 12:11",–•–æ—Ä–æ—à–æ –ª–∏ ChatGPT –∏—â–µ—Ç –æ—à–∏–±–∫–∏ –≤ –∫–æ–¥–µ?,"–ù–µ–π—Ä–æ—Å–µ—Ç–∏ –≤—Å—ë –±–æ–ª—å—à–µ –≤–ª–∏–≤–∞—é—Ç—Å—è –≤ –ø—Ä–∏–≤—ã—á–Ω—ã–π –º–∏—Ä, –ø—ã—Ç–∞—è—Å—å —É–ø—Ä–æ—Å—Ç–∏—Ç—å –Ω–∞–º –∂–∏–∑–Ω—å. –¢–æ—Ç –∂–µ ChatGPT –≤—ã–∑–≤–∞–ª –±—É—Ä—é –æ–±—Å—É–∂–¥–µ–Ω–∏–π –≤ –∏–Ω—Ç–µ—Ä–Ω–µ—Ç–µ. –ß–∞—Ç –±–æ—Ç —Å–ø–æ—Å–æ–±–µ–Ω –ø–∏—Å–∞—Ç—å —Ç–µ–∫—Å—Ç—ã, –∫–æ–¥, —Ä–µ—Ñ–µ—Ä–∞—Ç—ã –∏ –ø–µ—Å–Ω–∏. –û–Ω –¥–∞–∂–µ —É–º–µ–µ—Ç –∏—Å–∫–∞—Ç—å –æ—à–∏–±–∫–∏ –≤ –∫–æ–¥–µ, –Ω–æ... —Ö–æ—Ä–æ—à–æ –ª–∏ –æ–Ω —Å —ç—Ç–∏–º —Å–ø—Ä–∞–≤–ª—è–µ—Ç—Å—è?",–ë–ª–æ–≥ –∫–æ–º–ø–∞–Ω–∏–∏ PVS-Studio –ú–∞—à–∏–Ω–Ω–æ–µ –æ–±—É—á–µ–Ω–∏–µ *–ò—Å–∫—É—Å—Å—Ç–≤–µ–Ω–Ω—ã–π –∏–Ω—Ç–µ–ª–ª–µ–∫—Ç –ü—Ä–æ–≥—Ä–∞–º–º–∏—Ä–æ–≤–∞–Ω–∏–µ *.NET *
"2023-03-02, 12:04",–î–∞–π–¥–∂–µ—Å—Ç —Å–æ–±—ã—Ç–∏–π –¥–ª—è —ç–π—á–∞—Ä–æ–≤ –∏ —Ä–µ–∫—Ä—É—Ç–µ—Ä–æ–≤ –≤ IT –≤ –º–∞—Ä—Ç–µ 2023,"–°—É–¥—è –ø–æ –∫–æ–ª–∏—á–µ—Å—Ç–≤—É –∞–Ω–æ–Ω—Å–æ–≤ –≤ –¥–∞–π–¥–∂–µ—Å—Ç–µ ‚Äî —Å–µ–∑–æ–Ω –º–µ—Ä–æ–ø—Ä–∏—è—Ç–∏–π —Å—Ç–∞—Ä—Ç–æ–≤–∞–ª –∏ —É–∂–µ –≤ —Å–∞–º–æ–º —Ä–∞–∑–≥–∞—Ä–µ. –í —ç—Ç–æ–π –ø–æ–¥–±–æ—Ä–∫–µ ‚Äî –Ω–µ—Å–∫–æ–ª—å–∫–æ –∫—É—Ä—Å–æ–≤ –¥–ª—è —Ç–µ—Ö, –∫—Ç–æ —Ö–æ—á–µ—Ç —Ä–∞–∑–≤–∏–≤–∞—Ç—å—Å—è –∏–ª–∏ —É–∂–µ —Ä–∞–∑–≤–∏–≤–∞–µ—Ç—Å—è –≤ IT HR –∏–ª–∏ —Ä–µ–∫—Ä—É—Ç–º–µ–Ω—Ç–µ, –±–æ–ª—å—à–∏–µ –∫–æ–Ω—Ñ–µ—Ä–µ–Ω—Ü–∏–∏ –∏ –æ—Ñ–ª–∞–π–Ω-–≤—Å—Ç—Ä–µ—á–∏, –µ—Å–ª–∏ —Ö–æ—á–µ—Ç—Å—è —Å–¥–µ–ª–∞—Ç—å –∞–∫—Ü–µ–Ω—Ç –Ω–∞ —Ç–µ–Ω–¥–µ–Ω—Ü–∏—è—Ö –∏ –Ω–µ—Ç–≤–æ—Ä–∫–∏–Ω–≥–µ, –∞ –µ—â–µ –≤–µ–±–∏–Ω–∞—Ä—ã –ø—Ä–æ HR-–∏–Ω—Å—Ç—Ä—É–º–µ–Ω—Ç—ã –∏ –¥–∞–∂–µ –æ–Ω–ª–∞–π–Ω-—à–æ—É —Å –Ω–∞–π–º–æ–º –≤ —Ä–µ–∞–ª—å–Ω–æ–º –≤—Ä–µ–º–µ–Ω–∏. –í –æ–±—â–µ–º, —Å–æ–±—ã—Ç–∏–π –º–Ω–æ–≥–æ ‚Äî –Ω–∞ –ª—é–±–æ–π –≤–∫—É—Å –∏ —Ü–≤–µ—Ç.¬†–ê–Ω–æ–Ω—Å—ã –±—É–¥—É—Ç –ø–æ—è–≤–ª—è—Ç—å—Å—è –ø–æ –º–µ—Ä–µ –≤—ã—Ö–æ–¥–∞ ‚Äî –Ω–µ –∑–∞–±—ã–≤–∞–π—Ç–µ —Å–ª–µ–¥–∏—Ç—å –∑–∞ –æ–±–Ω–æ–≤–ª–µ–Ω–∏—è–º–∏ –ø–æ—Å—Ç–∞ –∏ –∫–æ–º–º–µ–Ω—Ç–∞—Ä–∏—è–º–∏.",–ë–ª–æ–≥ –∫–æ–º–ø–∞–Ω–∏–∏ –•–∞–±—Ä –ö–∞—Ä—å–µ—Ä–∞ –£–ø—Ä–∞–≤–ª–µ–Ω–∏–µ –ø–µ—Ä—Å–æ–Ω–∞–ª–æ–º *–ö–∞—Ä—å–µ—Ä–∞ –≤ IT-–∏–Ω–¥—É—Å—Ç—Ä–∏–∏
"2023-03-02, 12:00",–ö–æ—Ä–ø–æ—Ä–∞—Ç–∏–≤–Ω—ã–µ –ò–¢-–∑–∞–∫—É–ø–∫–∏ –ø–æ-–Ω–æ–≤–æ–º—É: —Ä–∞—Å—à–∏—Ä—è–µ–º –≥–æ—Ä–∏–∑–æ–Ω—Ç—ã –ø—Ä–∏–≤—ã—á–Ω–æ–≥–æ,"–ü—Ä–∏–≤–µ—Ç, –•–∞–±—Ä! –°–µ–≥–æ–¥–Ω—è –º–Ω–µ —Ö–æ—Ç–µ–ª–æ—Å—å –±—ã —Ä–∞—Å—Å–∫–∞–∑–∞—Ç—å –æ–± –æ–ø—ã—Ç–µ —Ç—Ä–∞–Ω—Å—Ñ–æ—Ä–º–∞—Ü–∏–∏ –Ω–∞—à–µ–≥–æ —Å–µ—Ä–≤–∏—Å–∞ —Å–æ–ø—Ä–æ–≤–æ–∂–¥–µ–Ω–∏—è –∫–æ—Ä–ø–æ—Ä–∞—Ç–∏–≤–Ω—ã—Ö –ò–¢-–∑–∞–∫—É–ø–æ–∫ –∏ –æ–±—Å—É–¥–∏—Ç—å, –Ω–∞—Å–∫–æ–ª—å–∫–æ –æ–Ω –ø–æ–ª–µ–∑–µ–Ω —Å–ø–µ—Ü–∏–∞–ª–∏—Å—Ç–∞–º, –æ—Ç–≤–µ—á–∞—é—â–∏–º –∑–∞ —Å–Ω–∞–±–∂–µ–Ω–∏–µ –æ—Ä–≥–∞–Ω–∏–∑–∞—Ü–∏–π –ò–¢-—Ä–µ—à–µ–Ω–∏—è–º–∏ –∏ –æ–±–æ—Ä—É–¥–æ–≤–∞–Ω–∏–µ–º. –ü–æ–¥ –∫–∞—Ç–æ–º ‚Äî –ø–æ–¥—Ä–æ–±–Ω–µ–µ –æ –Ω–∞—à–µ–º B2B-–ø–æ—Ä—Ç–∞–ª–µ –∏ –Ω–µ–∫–æ—Ç–æ—Ä—ã–µ –º–µ—Ç—Ä–∏–∫–∏ –µ–≥–æ –∏—Å–ø–æ–ª—å–∑–æ–≤–∞–Ω–∏—è.–†–∞–±–æ—Ç–∞—Ç—å –æ–Ω –Ω–∞—á–∞–ª –¥–∞–ª–µ–∫–æ –Ω–µ –≤—á–µ—Ä–∞, –Ω–æ —Å –ø–æ—è–≤–ª–µ–Ω–∏–µ–º –æ—Ä–≥–∞–Ω–∏–∑–∞—Ü–∏–æ–Ω–Ω–æ–π —Å—Ç—Ä—É–∫—Ç—É—Ä–µ –æ—Ç–¥–µ–ª–∞ –∫–æ—Ä–ø–æ—Ä–∞—Ç–∏–≤–Ω—ã—Ö –ø—Ä–æ–¥–∞–∂ –∏ –æ–¥–Ω–æ–≤—Ä–µ–º–µ–Ω–Ω—ã–º —Ä–æ—Å—Ç–æ–º —á–∏—Å–ª–∞ –∫–ª–∏–µ–Ω—Ç—Å–∫–∏—Ö –∑–∞–ø—Ä–æ—Å–æ–≤ –Ω–∞ ‚Äú—Ç—è–∂–µ–ª—ã–µ‚Äù —Ä–µ—à–µ–Ω–∏—è enterprise-—É—Ä–æ–≤–Ω—è –º—ã –Ω–∞—á–∞–ª–∏ –ø–µ—Ä–µ—Å—Ç—Ä–∞–∏–≤–∞—Ç—å –µ–≥–æ –≤ –ø–æ–ª–Ω–æ—Ñ—É–Ω–∫—Ü–∏–æ–Ω–∞–ª—å–Ω—ã–π online-—Å–µ—Ä–≤–∏—Å —Å–æ–ø—Ä–æ–≤–æ–∂–¥–µ–Ω–∏—è –∏ –ø–æ–¥–¥–µ—Ä–∂–∫–∏ —Ç–∞–∫–∏—Ö —Å–¥–µ–ª–æ–∫.",–ë–ª–æ–≥ –∫–æ–º–ø–∞–Ω–∏–∏ –ì—Ä—É–ø–ø–∞ –∫–æ–º–ø–∞–Ω–∏–π X-Com –°–∏—Å—Ç–µ–º–Ω–æ–µ –∞–¥–º–∏–Ω–∏—Å—Ç—Ä–∏—Ä–æ–≤–∞–Ω–∏–µ *–ü—Ä–æ–µ–∫—Ç–∏—Ä–æ–≤–∞–Ω–∏–µ –∏ —Ä–µ—Ñ–∞–∫—Ç–æ—Ä–∏–Ω–≥ *
"2023-03-02, 12:00","–ò–¥–µ–∏ –¥–ª—è —Ç–µ—Ö, –∫—Ç–æ —Ö–æ—á–µ—Ç —Å–æ–±—Ä–∞—Ç—å —Å–≤–æ–∏ —á–∞—Å—ã","–ö–∞—Ä—Ç–∏–Ω–∫–∞ twizz.ru

–ö–∞–∂–¥—ã–π —Å–∞–º–æ–¥–µ–ª—å—â–∏–∫ —Ä–∞–Ω–æ –∏–ª–∏ –ø–æ–∑–¥–Ω–æ –ø—Ä–∏—Ö–æ–¥–∏—Ç –∫ —Ç–æ–º—É, —á—Ç–æ –µ–º—É –≤–æ—Ç –ø—Ä—è–º–æ —Å–µ–π—á–∞—Å –Ω–µ–æ–±—Ö–æ–¥–∏–º–æ —Å–æ–∑–¥–∞—Ç—å —Å–≤–æ–∏ —á–∞—Å—ã. –ó–∞—á–µ–º, –ø–æ—á–µ–º—É ‚Äî –Ω–∏–∫—Ç–æ –Ω–µ –∑–Ω–∞–µ—Ç. –ï—Å–ª–∏ –≤—ã –ø—Ä–∏—à–ª–∏ –∫ —Ç–∞–∫–æ–º—É –∂–µ –ø–æ–Ω–∏–º–∞–Ω–∏—é, ¬´–∏—Ö –µ—Å—Ç—å —É –º–µ–Ω—è¬ª. –ê –∏–º–µ–Ω–Ω–æ ‚Äî —Å–æ–±—Å—Ç–≤–µ–Ω–Ω—ã–π —Ö–∏—Ç-–ø–∞—Ä–∞–¥ —Å–∞–º–æ–¥–µ–ª—å–Ω—ã—Ö —á–∞—Å–æ–≤, –∫–æ—Ç–æ—Ä—ã–µ –ø–æ–∑–≤–æ–ª—è—Ç –∫–∞–∫ –∫–æ–º–ø–ª–µ–∫—Å–Ω–æ –ø—Ä–æ–∫–∞—á–∞—Ç—å —Å–∫–∏–ª–ª—ã –≤ —Å–±–æ—Ä–∫–µ, –ø—Ä–æ–≥—Ä–∞–º–º–∏—Ä–æ–≤–∞–Ω–∏–∏ –∏ —Ç. –¥., —Ç–∞–∫ –∏ —É–∫—Ä–∞—Å—è—Ç –ª—é–±–æ–π –¥–æ–º —Å–≤–æ–∏–º –ø—Ä–∏—Å—É—Ç—Å—Ç–≤–∏–µ–º.

–í —ç—Ç–æ–π —Å—Ç–∞—Ç—å–µ —É–º—ã—à–ª–µ–Ω–Ω–æ –±—É–¥—É—Ç –æ–±–æ–π–¥–µ–Ω—ã –≤–Ω–∏–º–∞–Ω–∏–µ–º –∏–∑–≤–µ—Å—Ç–Ω—ã–µ –ø—Ä–æ–µ–∫—Ç—ã —á–∞—Å–æ–≤, –∏–∑–≥–æ—Ç–æ–≤–ª–µ–Ω–Ω—ã–µ –∏–∑ —Ä–∞–¥–∏–æ–ª–∞–º–ø –∏–ª–∏ –≤—Ä–∞—â–∞—é—â–µ–π—Å—è –ª–∏–Ω–µ–π–∫–∏ —Å–≤–µ—Ç–æ–¥–∏–æ–¥–æ–≤, —É—Å—Ç–∞–Ω–æ–≤–ª–µ–Ω–Ω–æ–π –Ω–∞ –¥–∏—Å–∫–µ –≤—ã—à–µ–¥—à–µ–≥–æ –∏–∑ —Å—Ç—Ä–æ—è —Å—Ç–∞—Ä–æ–≥–æ HDD, —Ç–∞–∫ –∫–∞–∫ –º—ã –ø–æ—Å—Ç–∞—Ä–∞–µ–º—Å—è –æ—Å—Ç–∞–Ω–æ–≤–∏—Ç—å—Å—è –Ω–∞ –±–æ–ª–µ–µ –Ω–µ–∏–∑–≤–µ—Å—Ç–Ω—ã—Ö –∏ —ç—Ñ—Ñ–µ–∫—Ç–Ω—ã—Ö —ç–∫–∑–µ–º–ø–ª—è—Ä–∞—Ö, –∏ –µ—Å–ª–∏ –∏–∑–≤–µ—Å—Ç–Ω—ã–µ –ø—Ä–æ–µ–∫—Ç—ã –∏ –±—É–¥—É—Ç –∑–∞—Ç—Ä–æ–Ω—É—Ç—ã, —Ç–æ —Å–æ–≤—Å–µ–º —á—É—Ç—å-—á—É—Ç—å :-)",–ë–ª–æ–≥ –∫–æ–º–ø–∞–Ω–∏–∏ RUVDS.com –†–∞–∑—Ä–∞–±–æ—Ç–∫–∞ –ø–æ–¥ Arduino *–†–æ–±–æ—Ç–æ—Ç–µ—Ö–Ω–∏–∫–∞ DIY –∏–ª–∏ –°–¥–µ–ª–∞–π —Å–∞–º –≠–ª–µ–∫—Ç—Ä–æ–Ω–∏–∫–∞ –¥–ª—è –Ω–∞—á–∏–Ω–∞—é—â–∏—Ö
"2023-03-02, 11:53","Vite, SVG –∏ –∫–∞—Ä—å–µ—Ä–Ω—ã–µ —Å–≤–∏—á–∏: —Ä–∞—Å—Å–∫–∞–∑—ã–≤–∞–µ–º, –∫–∞–∫ –ø—Ä–æ—à–µ–ª –º–∏—Ç–∞–ø #DevTalks –æ —Ñ—Ä–æ–Ω—Ç–µ–Ω–¥–µ","–í—Å–µ–º –ø—Ä–∏–≤–µ—Ç! –ù–∞ —Å–≤—è–∑–∏ Spectr.–í —Ñ–µ–≤—Ä–∞–ª–µ –º—ã –ø—Ä–æ–≤–µ–ª–∏ –º–∏—Ç–∞–ø #DevTalks, –ø–æ—Å–≤—è—â–µ–Ω–Ω—ã–π —Ñ—Ä–æ–Ω—Ç–µ–Ω–¥—É, –∏ —Å–µ–π—á–∞—Å —Ö–æ—Ç–∏–º –ø–æ–¥—Ä–æ–±–Ω–æ –æ –Ω–µ–º —Ä–∞—Å—Å–∫–∞–∑–∞—Ç—å: –ø–æ–¥–µ–ª–∏–º—Å—è –¥–æ–∫–ª–∞–¥–∞–º–∏ —Å–ø–∏–∫–µ—Ä–æ–≤, –º–∞—Ç–µ—Ä–∏–∞–ª–∞–º–∏ –≤—ã—Å—Ç—É–ø–ª–µ–Ω–∏–π, –æ—Ç–∑—ã–≤–∞–º–∏ —É—á–∞—Å—Ç–Ω–∏–∫–æ–≤ –∏ –Ω–µ–º–Ω–æ–≥–æ —Ä–∞—Å—Å–∫–∞–∂–µ–º –æ –≤–Ω—É—Ç—Ä–µ–Ω–Ω–µ–π –∫—É—Ö–Ω–µ –æ—Ä–≥–∞–Ω–∏–∑–∞—Ü–∏–∏ —Ç–∞–∫–∏—Ö –∏–≤–µ–Ω—Ç–æ–≤.",–ë–ª–æ–≥ –∫–æ–º–ø–∞–Ω–∏–∏ Spectr –†–∞–∑—Ä–∞–±–æ—Ç–∫–∞ –≤–µ–±-—Å–∞–π—Ç–æ–≤ *JavaScript *–ö–∞—Ä—å–µ—Ä–∞ –≤ IT-–∏–Ω–¥—É—Å—Ç—Ä–∏–∏ –ö–æ–Ω—Ñ–µ—Ä–µ–Ω—Ü–∏–∏
"2023-03-02, 11:18",–°–æ—Ç—Ä—É–¥–Ω–∏–∫–∏ —Ç–µ—Ö–ø–æ–¥–¥–µ—Ä–∂–∫–∏ –∏ —Å–µ—Ä–≤–∏—Å–∞ –Ω–µ –≤—ã–≥–æ—Ä–∞—é—Ç. –û–Ω–∏ —É—Å—Ç–∞—é—Ç,"–î–µ—Ç–æ—á–∫–∞,–≤—Å–µ –º—ã –Ω–µ–º–Ω–æ–∂–∫–æ –ª–æ—à–∞–¥–∏,–∫–∞–∂–¥—ã–π –∏–∑ –Ω–∞—Å –ø–æ-—Å–≤–æ–µ–º—É –ª–æ—à–∞–¥—å./–í. –ú–∞—è–∫–æ–≤—Å–∫–∏–π/–í IT-–∫–æ–º–ø–∞–Ω–∏—è—Ö, —Ç–µ–ª–µ–∫–æ–º–µ, —Ñ–∏–Ω—Ç–µ—Ö–µ, –∏–Ω–∂–µ–Ω–µ—Ä–Ω–æ–º —Å–µ—Ä–≤–∏—Å–µ —Ç–µ—Ö–Ω–∏—á–µ—Å–∫–∞—è –ø–æ–¥–¥–µ—Ä–∂–∫–∞ –∏ —Å–µ—Ä–≤–∏—Å–Ω—ã–µ —Å–ª—É–∂–±—ã ‚Äî –Ω–∞—Å—Ç–æ—è—â–∞—è –∫—É–∑–Ω–∏—Ü–∞ –∫–∞–¥—Ä–æ–≤. –°–æ—Ç—Ä—É–¥–Ω–∏–∫–∏, –ø—Ä–æ—à–µ–¥—à–∏–µ –ø–µ—Ä–≤—É—é –ª–∏–Ω–∏—é, —Ö–æ—Ä–æ—à–æ –∑–Ω–∞—é—Ç –∫–ª–∏–µ–Ω—Ç–æ–≤ –∏ –ø–æ–ª—å–∑–æ–≤–∞—Ç–µ–ª–µ–π, –∏—Ö –ø—Ä–æ–±–ª–µ–º—ã –∏ –ø–µ—Ä–µ–∂–∏–≤–∞–Ω–∏—è, —É–º–µ—é—Ç —É—Å–ª—ã—à–∞—Ç—å –≤ –±–µ—Å—Å–≤—è–∑–Ω–æ–º –±–æ—Ä–º–æ—Ç–∞–Ω–∏–∏ —Å–æ–¥–µ—Ä–∂–∞–Ω–∏–µ –±—É–¥—É—â–µ–≥–æ —Ç–∏–∫–µ—Ç–∞. –≠—Ç–∏ —Ä–µ–±—è—Ç–∞ —É—Å—Ç–æ–π—á–∏–≤—ã, –æ–±–ª–∞–¥–∞—é—Ç —Ö–æ—Ä–æ—à–µ–π –ø–∞–º—è—Ç—å—é, –Ω–∞–∫–∞–ø–ª–∏–≤–∞—é—Ç —Ä–µ–∞–ª—å–Ω—ã–π –æ–ø—ã—Ç, –Ω–µ –ø—É–≥–∞—é—Ç—Å—è –∫–æ–º–º—É–Ω–∏–∫–∞—Ü–∏–π, –Ω–µ –æ—Ç—Å—Ç—É–ø–∞—é—Ç –ø–µ—Ä–µ–¥ —Ç—Ä—É–¥–Ω–æ—Å—Ç—è–º–∏. –ù–æ —É –Ω–∏—Ö –µ—Å—Ç—å –æ–¥–∏–Ω –±–∞–≥: –æ–Ω–∏ —É—Å—Ç–∞—é—Ç. –ò –∏–∑-–∑–∞ —ç—Ç–æ–π –∏–Ω–æ–≥–¥–∞ –∑–∞–ø—Ä–µ–¥–µ–ª—å–Ω–æ–π —É—Å—Ç–∞–ª–æ—Å—Ç–∏ –æ–Ω–∏ –±—Ä–æ—Å–∞—é—Ç —Ä–∞–±–æ—Ç—É, —É—Ö–æ–¥—è—Ç, –∏—â—É—Ç –±–æ–ª–µ–µ –ø—Ä–æ—Å—Ç–æ–π –∫–∞—Ä—å–µ—Ä–Ω—ã–π –ø—É—Ç—å. –í –æ—Ç–≤–µ—Ç –Ω–∞ —Ç–∞–∫–æ–π —É–ø—Ä–∞–≤–ª–µ–Ω—á–µ—Å–∫–∏–π –≤—ã–∑–æ–≤ —Ä—É–∫–æ–≤–æ–¥–∏—Ç–µ–ª—å –ø–æ–¥–¥–µ—Ä–∂–∫–∏ –∏–ª–∏ –∏–Ω–∂–µ–Ω–µ—Ä–Ω–æ–≥–æ —Å–µ—Ä–≤–∏—Å–∞ –≤–∑–¥—ã—Ö–∞–µ—Ç, —Ä–∞—Å—Å—É–∂–¥–∞–µ—Ç –æ –ª–µ–Ω–∏ –∏ –∏–∑–±–∞–ª–æ–≤–∞–Ω–Ω–æ—Å—Ç–∏, –Ω–∞—á–∏–Ω–∞–µ—Ç –∏—Å–∫–∞—Ç—å –Ω–æ–≤—ã—Ö —Å–æ—Ç—Ä—É–¥–Ω–∏–∫–æ–≤. –í–º–µ—Å—Ç–æ —Ç–æ–≥–æ —á—Ç–æ–±—ã —É—Å—Ç—Ä–æ–∏—Ç—å –æ–±—Å–ª–µ–¥–æ–≤–∞–Ω–∏–µ –∫–æ–ª–ª–µ–∫—Ç–∏–≤–∞, –ø—Ä–æ–≤–µ—Å—Ç–∏ –∏–Ω—Ç–µ—Ä–≤—å—é, –≤—ã—è–≤–∏—Ç—å –ø—Ä–æ–±–ª–µ–º—ã, —Ö–ª–æ–ø–Ω—É—Ç—å —Å–µ–±—è –ø–æ –ª–±—É –¥–ª—è –ø—Ä–æ—Ñ–∏–ª–∞–∫—Ç–∏–∫–∏ –∏ –Ω–∞–≤–µ—Å—Ç–∏ –ø–æ—Ä—è–¥–æ–∫. –¢–æ–≥–¥–∞ –ª–µ–≥–µ–Ω–¥–∞—Ä–Ω–∞—è —Ç–µ–∫—É—á–∫–∞ –∫–∞–¥—Ä–æ–≤ —Å—Ç–∞–Ω–µ—Ç –∑–Ω–∞—á–∏—Ç–µ–ª—å–Ω–æ –Ω–∏–∂–µ, –Ω–∞—ë–º ‚Äî –¥–µ—à–µ–≤–ª–µ, –∞ –ø–æ–∏—Å–∫ —Å–æ—Ç—Ä—É–¥–Ω–∏–∫–æ–≤ –±—ç–∫–æ—Ñ–∏—Å–∞ –ø—Ä–æ—â–µ, –ø–æ—Ç–æ–º—É —á—Ç–æ –Ω–∞—á–Ω—ë—Ç —Ä–∞–±–æ—Ç–∞—Ç—å –≤—ã–≥–æ–¥–Ω–æ–µ –∏ —É–¥–æ–±–Ω–æ–µ –¥–ª—è –±–∏–∑–Ω–µ—Å–∞ –ø—Ä–∞–≤–∏–ª–æ: ¬´–≤—ã—Ä–∞—Å—Ç–∏–º –±–∞–±—É-—è–≥—É –≤ —Å–≤–æ—ë–º –∫–æ–ª–ª–µ–∫—Ç–∏–≤–µ¬ª.¬†–¢–∞–∫ —á—Ç–æ –ø—Ä–æ–∏—Å—Ö–æ–¥–∏—Ç?",–ë–ª–æ–≥ –∫–æ–º–ø–∞–Ω–∏–∏ RegionSoft Help Desk Software *–£–ø—Ä–∞–≤–ª–µ–Ω–∏–µ –ø–µ—Ä—Å–æ–Ω–∞–ª–æ–º *
"2023-03-02, 11:08",Spring Cloud OpenFeign –∏ –∞–≤—Ç–æ—Ä–∏–∑–∞—Ü–∏—è (OAuth2). –ï—â—ë –ø—Ä–æ—â–µ,"–ù–µ—Å–∫–æ–ª—å–∫–æ –¥–Ω–µ–π –Ω–∞–∑–∞–¥ –±—ã–ª–∞ –ø–æ—Å—Ç–∞–≤–ª–µ–Ω–∞ –∑–∞–¥–∞—á–∞ —Å–¥–µ–ª–∞—Ç—å –∑–∞–ø—Ä–æ—Å—ã –º–µ–∂–¥—É —Å–µ—Ä–≤–∏—Å–∞–º–∏ —Å —Ç–æ–∫–µ–Ω–æ–º. –£ –Ω–∞—Å –∏—Å–ø–æ–ª—å–∑—É–µ—Ç—Å—è Keycloak –≤ –∫–∞—á–µ—Å—Ç–≤–µ SSO. –í —Å–∏–ª—É —Ç–æ–≥–æ,—á—Ç–æ –Ω—É–∂–Ω–æ –≤—Å—ë –Ω–∞ –±–∞–∑–æ–≤–æ–º —É—Ä–æ–≤–Ω–µ (–Ω–∏—á–µ–≥–æ —Å–ø–µ—Ü–∏—Ñ–∏—á–µ—Å–∫–æ–≥–æ),—Ç–æ –∏–º–µ–µ—Ç —Å–º—ã—Å–ª –∏—Å–ø–æ–ª—å–∑–æ–≤–∞—Ç—å Feign Client (OpenFeign) –¥–ª—è Spring Boot.",–ü—Ä–æ–≥—Ä–∞–º–º–∏—Ä–æ–≤–∞–Ω–∏–µ *Java *
"2023-03-02, 11:01",–†–∞–±–æ—Ç–∞–µ–º —Å —Ç–∞–±–ª–∏—Ü–∞–º–∏ —Å –ø–æ–º–æ—â—å—é React Table,"–ü—Ä–∏–≤–µ—Ç, –¥—Ä—É–∑—å—è!
–í —ç—Ç–æ–º —Ç—É—Ç–æ—Ä–∏–∞–ª–µ —è –ø–æ–∫–∞–∂—É –≤–∞–º –Ω–µ—Å–∫–æ–ª—å–∫–æ –ø–æ–ª–µ–∑–Ω—ã—Ö –ø—Ä–∏–µ–º–æ–≤ –ø–æ —Ä–∞–±–æ—Ç–µ —Å —Ç–∞–±–ª–∏—Ü–∞–º–∏ —Å –ø–æ–º–æ—â—å—é React Table.
React Table ‚Äî –æ–¥–Ω–∞ –∏–∑ —Å–∞–º—ã—Ö –ø–æ–ø—É–ª—è—Ä–Ω—ã—Ö –Ω–∞ —Å–µ–≥–æ–¥–Ω—è—à–Ω–∏–π –¥–µ–Ω—å –±–∏–±–ª–∏–æ—Ç–µ–∫ —ç–∫–æ—Å–∏—Å—Ç–µ–º—ã React –¥–ª—è –º–∞–Ω–∏–ø—É–ª–∏—Ä–æ–≤–∞–Ω–∏—è —Ç–∞–±–ª–∏—á–Ω—ã–º–∏ –¥–∞–Ω–Ω—ã–º–∏. –û–¥–Ω–∞–∫–æ —ç—Ç–æ –¥–∞–ª–µ–∫–æ –Ω–µ —Å–∞–º–æ–µ –ø—Ä–æ—Å—Ç–æ–µ –≤ –∏–∑—É—á–µ–Ω–∏–∏ –∏ –∏—Å–ø–æ–ª—å–∑–æ–≤–∞–Ω–∏–∏ —Ä–µ—à–µ–Ω–∏–µ, –ø–æ—ç—Ç–æ–º—É —Ö–æ—Ä–æ—à–æ –ø–æ–¥—É–º–∞–π—Ç–µ, –ø—Ä–µ–∂–¥–µ —á–µ–º –¥–æ–±–∞–≤–ª—è—Ç—å –µ–≥–æ –≤ —Å–≤–æ–π –ø—Ä–æ–µ–∫—Ç.
–ú—ã –ø–æ—Å–ª–µ–¥–æ–≤–∞—Ç–µ–ª—å–Ω–æ —Ä–µ–∞–ª–∏–∑—É–µ–º 5 –≤–∞—Ä–∏–∞–Ω—Ç–æ–≤ —Ç–∞–±–ª–∏—Ü—ã:

—Å –≤–æ–∑–º–æ–∂–Ω–æ—Å—Ç—å—é —Å–æ—Ä—Ç–∏—Ä–æ–≤–∫–∏ —Å—Ç—Ä–æ–∫;
—Å –≤–æ–∑–º–æ–∂–Ω–æ—Å—Ç—å—é —Ñ–∏–ª—å—Ç—Ä–∞—Ü–∏–∏ —Å—Ç—Ä–æ–∫;
—Å –ø–∞–≥–∏–Ω–∞—Ü–∏–µ–π;
—Å –≤–æ–∑–º–æ–∂–Ω–æ—Å—Ç—å—é –≤—ã–±–æ—Ä–∞ —Å—Ç—Ä–æ–∫;
–∫–æ–º–ø–ª–µ–∫—Å–Ω—É—é.

–í –∫–æ–Ω—Ü–µ —è —Ä–∞—Å—Å–∫–∞–∂—É –µ—â–µ –æ–± –æ–¥–Ω–æ–π –∏–Ω—Ç–µ—Ä–µ—Å–Ω–æ–π –±–∏–±–ª–∏–æ—Ç–µ–∫–µ, –ø–æ–∑–≤–æ–ª—è—é—â–µ–π –ª–µ–≥–∫–∏–º –¥–≤–∏–∂–µ–Ω–∏–µ–º —Ä—É–∫–∏ —Å–æ–∑–¥–∞–≤–∞—Ç—å –±–æ–≥–∞—Ç—ã–µ —Ñ—É–Ω–∫—Ü–∏–æ–Ω–∞–ª–æ–º –∏ –ø—Ä–∏—è—Ç–Ω—ã–µ –≥–ª–∞–∑—É —Ç–∞–±–ª–∏—Ü—ã.
–ü—Ä–µ–¥–ø–æ–ª–∞–≥–∞–µ—Ç—Å—è, —á—Ç–æ –≤—ã –∏–º–µ–µ—Ç–µ –Ω–µ–∫–æ—Ç–æ—Ä—ã–π –æ–ø—ã—Ç —Ä–∞–±–æ—Ç—ã —Å React –∏ TypeScript.
–î–ª—è —Ç–µ—Ö, –∫–æ–≥–æ –∏–Ω—Ç–µ—Ä–µ—Å—É–µ—Ç —Ç–æ–ª—å–∫–æ –∫–æ–¥, –≤–æ—Ç —Å—Å—ã–ª–∫–∞ –Ω–∞ —Å–æ–æ—Ç–≤–µ—Ç—Å—Ç–≤—É—é—â–∏–π —Ä–µ–ø–æ–∑–∏—Ç–æ—Ä–∏–π.
–ò–Ω—Ç–µ—Ä–µ—Å–Ω–æ? –¢–æ–≥–¥–∞ –ø—Ä–æ—à—É –ø–æ–¥ –∫–∞—Ç.",–ë–ª–æ–≥ –∫–æ–º–ø–∞–Ω–∏–∏ Timeweb Cloud –†–∞–∑—Ä–∞–±–æ—Ç–∫–∞ –≤–µ–±-—Å–∞–π—Ç–æ–≤ *JavaScript *ReactJS *TypeScript *
"2023-03-02, 11:00",–¢–æ—á–Ω–æ—Å—Ç—å ‚Äî –≤–µ–∂–ª–∏–≤–æ—Å—Ç—å Scala‚Äô–ª–∞–∑–æ–≤: —Ä–∞–∑–±–∏—Ä–∞–µ–º —É—Ç–æ—á–Ω—è—é—â–∏–µ —Ç–∏–ø—ã –¥–∞–Ω–Ω—ã—Ö –∏ –ø—Ä–∞–∫—Ç–∏–∫—É –∏—Ö –ø—Ä–∏–º–µ–Ω–µ–Ω–∏—è,"–ü—Ä–∏–≤–µ—Ç, –•–∞–±—Ä! –Ø –≤–µ–¥—É—â–∏–π –∏–Ω–∂–µ–Ω–µ—Ä –ø–æ –æ–±—Ä–∞–±–æ—Ç–∫–µ –¥–∞–Ω–Ω—ã—Ö –≤ –∫–æ–º–ø–∞–Ω–∏–∏ ¬´–ö—Ä–∏–ø—Ç–æ–Ω–∏—Ç¬ª –∏ –ø–∏—à—É –Ω–∞ Scala. –í —ç—Ç–æ–π —Å—Ç–∞—Ç—å–µ —Ö–æ—á—É –ø–æ–¥–µ–ª–∏—Ç—å—Å—è —Å–≤–æ–∏–º –æ–ø—ã—Ç–æ–º –∏ —Ä–∞—Å—Å–∫–∞–∑–∞—Ç—å –æ –ø–∞—Ä–µ –ª–∞–π—Ñ—Ö–∞–∫–æ–≤, –∫–æ—Ç–æ—Ä—ã–µ –ø–æ–º–æ–≥—É—Ç –∏–∑–±–µ–∂–∞—Ç—å —Ä–∞—Å–ø—Ä–æ—Å—Ç—Ä–∞–Ω—ë–Ω–Ω—ã—Ö –æ—à–∏–±–æ–∫.",–ë–ª–æ–≥ –∫–æ–º–ø–∞–Ω–∏–∏ –ö—Ä–∏–ø—Ç–æ–Ω–∏—Ç –ü—Ä–æ–≥—Ä–∞–º–º–∏—Ä–æ–≤–∞–Ω–∏–µ *Scala *Data Engineering *
"2023-03-02, 10:37",–ò–Ω—Å—Ç—Ä—É–∫—Ü–∏—è –ø–æ –∏–º–ø–æ—Ä—Ç—É –¥–∞–Ω–Ω—ã—Ö Jira –≤ EvaProject,"–í —Å—Ç–∞—Ç—å–µ —Ä–∞—Å—Å–∫–∞–∂–µ–º, –∫–∞–∫ –ø—Ä–æ–∏–∑–≤–µ—Å—Ç–∏ –∏–º–ø–æ—Ä—Ç –¥–∞–Ω–Ω—ã—Ö –∏–∑ —Å–∏—Å—Ç–µ–º—ã Jira –≤ —Å–∏—Å—Ç–µ–º—É EvaTeam. –ü—Ä–∏ –∏–º–ø–æ—Ä—Ç–µ –±—É–¥–µ—Ç –∏—Å–ø–æ–ª—å–∑–æ–≤–∞—Ç—å—Å—è API —Å–∏—Å—Ç–µ–º–∞ Jira. –í —Ä–µ–∑—É–ª—å—Ç–∞—Ç–µ –∏–º–ø–æ—Ä—Ç–∞ –≤ EvaTeam –±—É–¥–µ—Ç –ø–µ—Ä–µ–Ω–µ—Å–µ–Ω–∞ –≤—Å—è –Ω–µ–æ–±—Ö–æ–¥–∏–º–∞—è –∏–Ω—Ñ–æ—Ä–º–∞—Ü–∏—è: –∑–∞–¥–∞—á–∏, —Å–ø–∏—Å–∫–∏, –¥–æ—Å–∫–∏, –ø–æ–ª—å–∑–æ–≤–∞—Ç–µ–ª–∏, –∞ —Ç–∞–∫–∂–µ –≤—Å–µ —Å—Ç–∞—Ç—É—Å—ã –∏ –±–∏–∑–Ω–µ—Å-–ø—Ä–æ—Ü–µ—Å—Å—ã, –∫–æ—Ç–æ—Ä—ã–µ –∏—Å–ø–æ–ª—å–∑—É—é—Ç—Å—è –≤ —Å–∏—Å—Ç–µ–º–µ.",–ë–ª–æ–≥ –∫–æ–º–ø–∞–Ω–∏–∏ EvaTeam Atlassian *
"2023-03-02, 10:15",–î–∏–∑–∞–π–Ω-—Å–ø—Ä–∏–Ω—Ç—ã: –∫–∞–∫ –æ–Ω–∏ –ø–æ–º–æ–≥—É—Ç –≤–∞—à–µ–π –∫–æ–º–∞–Ω–¥–µ –∏ –ª–∏—á–Ω–æ –≤–∞–º,"–î–∏–∑–∞–π–Ω-—Å–ø—Ä–∏–Ω—Ç—ã: –∫–∞–∫ –æ–Ω–∏ –ø–æ–º–æ–≥—É—Ç –≤–∞—à–µ–π –∫–æ–º–∞–Ω–¥–µ –∏ –ª–∏—á–Ω–æ –≤–∞–º–î–ª—è –∫–æ–≥–æ: –¥–ª—è –¥–∏–∑–∞–π–Ω–µ—Ä–æ–≤, –ª–∏–¥-–¥–∏–∑–∞–π–Ω–µ—Ä–æ–≤, –ø—Ä–æ–¥–∞–∫—Ç-–º–µ–Ω–µ–¥–∂–µ—Ä–æ–≤, —Ä–∞–∑—Ä–∞–±–æ—Ç—á–∏–∫–æ–≤ –∏ –≤—Å–µ—Ö –∞–¥–µ–ø—Ç–æ–≤ –¥–∏–∑–∞–π–Ω-–º—ã—à–ª–µ–Ω–∏—è.",–í–µ–±-–¥–∏–∑–∞–π–Ω *–î–∏–∑–∞–π–Ω –º–æ–±–∏–ª—å–Ω—ã—Ö –ø—Ä–∏–ª–æ–∂–µ–Ω–∏–π *–î–∏–∑–∞–π–Ω
"2023-03-02, 10:01","–ö–∞–∫ —Ç–∞–∫ –ø–æ–ª—É—á–∏–ª–æ—Å—å, —á—Ç–æ —Ç–µ—Ö–ø–æ–¥–¥–µ—Ä–∂–∫–∞ –∑–∞–Ω—è–ª–∞—Å—å —Å–∞–º–æ–ø–∏–∞—Ä–æ–º –≤–Ω—É—Ç—Ä–∏ –∫–æ–º–ø–∞–Ω–∏–∏","–û–∫–∞–∑–∞–ª–æ—Å—å, —á—Ç–æ –∫–æ–≥–¥–∞ –ø–æ–ª—å–∑–æ–≤–∞—Ç–µ–ª–∏ –≤–∞—Å –ª—é–±—è—Ç, –æ–Ω–∏ —Ç–≤–æ—Ä—è—Ç –º–µ–Ω—å—à–µ –¥–∏—á–∏.

–¢–æ—á–Ω–µ–µ, –¥–∞–∂–µ –Ω–µ —Ç–∞–∫. –°–Ω–∞—á–∞–ª–∞ –æ–Ω–∏ –Ω–∞—á–∏–Ω–∞—é—Ç —Ä–∞—Å—Å–∫–∞–∑—ã–≤–∞—Ç—å –≤–∞–º, —á—Ç–æ –∏—Ö –ø–∞—Ä–∏—Ç. –ò —ç—Ç–æ –ø–æ–º–æ–≥–∞–µ—Ç –∑–∞—Ä–∞–Ω–µ–µ —É–±–∏—Ä–∞—Ç—å —Ü–µ–ª—ã–µ, –∫–∞–∫ –æ–±—Ä–∞–∑–Ω–æ –≤—ã—Ä–∞–∂–∞—é—Ç—Å—è –Ω–µ–∫–æ—Ç–æ—Ä—ã–µ —Å–ø–µ—Ü–∏–∞–ª–∏—Å—Ç—ã —Å–æ —Å—Ç–∞–∂–µ–º, ¬´clusterfuck-–ø—Ä–æ–±–ª–µ–º—ã¬ª. 

–ú—ã —Å–µ—Ä–≤–∏—Å–¥–µ—Å–∫ –±–∞–Ω–∫–∞, –∏ —É –Ω–∞—Å —Ç–∏–ø–æ–≤—ã–µ –∑–∞–¥–∞—á–∏: –≥–¥–µ-—Ç–æ –Ω–æ—á—å—é –≤ –ü–µ—Ç—Ä–æ–ø–∞–≤–ª–æ–≤—Å–∫–µ-–ö–∞–º—á–∞—Ç—Å–∫–æ–º –∑–∞–∂–µ–≤–∞–ª–æ –±—É–º–∞–≥—É –≤ –ø—Ä–∏–Ω—Ç–µ—Ä–µ, –≥–¥–µ-—Ç–æ –±—É—Ö–≥–∞–ª—Ç–µ—Ä–∏—è —Å–¥–µ–ª–∞–ª–∞ ¬´–æ–π, –æ–Ω–æ —Å–∞–º–æ¬ª, –≥–¥–µ-—Ç–æ –Ω–∞–¥–æ –ø—Ä–∏—Å–≤–æ–∏—Ç—å –∏–ª–∏ –∑–∞–±—Ä–∞—Ç—å –ø—Ä–∞–≤–∞ –≤ —Å–∏—Å—Ç–µ–º—É –∏ —Ç–∞–∫ –¥–∞–ª–µ–µ. 

–ù–∞—á–∞–ª–æ—Å—å —Å —Ç–æ–≥–æ, —á—Ç–æ –º—ã –∫–∞–∫-—Ç–æ —Å–µ–ª–∏ –∏ —Ä–µ—à–∏–ª–∏ –¥–µ–ª–∞—Ç—å –≥–µ–Ω–µ—Ä–∞–ª—å–Ω—É—é —É–±–æ—Ä–∫—É –∏ –∞–≤—Ç–æ–º–∞—Ç–∏–∑–∏—Ä–æ–≤–∞—Ç—å —Ç–æ, —á—Ç–æ –ª–µ–≥–∫–æ –∞–≤—Ç–æ–º–∞—Ç–∏–∑–∏—Ä—É–µ—Ç—Å—è. –¢–æ–≥–¥–∞ —ç—Ç–æ –∫–∞–∑–∞–ª–æ—Å—å –∑–∞–¥–∞—á–µ–π –Ω–∞ –ø–∞—Ä—É –Ω–µ–¥–µ–ª—å (–Ω—É –ª–∞–¥–Ω–æ, –Ω–∞ –º–µ—Å—è—Ü). –ü–ª—é—Å –±—ã–ª–∞ –≥–∏–ø–æ—Ç–µ–∑–∞, —á—Ç–æ –µ—Å–ª–∏ –Ω–∞—á–∞—Ç—å —Ä–∞–∑–≥–æ–≤–∞—Ä–∏–≤–∞—Ç—å —Å –ø–æ–ª—å–∑–æ–≤–∞—Ç–µ–ª—è–º–∏ –∫–∞–∫-—Ç–æ –±–æ–ª–µ–µ —Å–∏—Å—Ç–µ–º–Ω–æ, —Ç–æ –æ–Ω–∏ —Ä–∞—Å—Å–∫–∞–∂—É—Ç —á—Ç–æ-—Ç–æ –∏–Ω—Ç–µ—Ä–µ—Å–Ω–æ–µ. –û–¥–Ω–∏–º –∏–∑ —à–∞–≥–æ–≤ —Å—Ç–∞–ª–æ —Ç–æ, —á—Ç–æ –º—ã —Ä–∞–∑–≤–µ—Ä–Ω—É–ª–∏ –ø—Ä—è–º–æ –ø–∏–∞—Ä-—Ä–∞–±–æ—Ç—É. –í—ã—è—Å–Ω–∏–ª–æ—Å—å, —á—Ç–æ –µ—Å–ª–∏ —Ä–∞—Å—Å–∫–∞–∑—ã–≤–∞—Ç—å –≤–Ω—É—Ç—Ä–∏ –∫–æ–º–ø–∞–Ω–∏–∏ –æ —Ä–∞–±–æ—Ç–µ –ø–æ–¥–¥–µ—Ä–∂–∫–∏, —Ç–æ –µ—ë –Ω–∞—á–∏–Ω–∞—é—Ç –±–æ–ª—å—à–µ –ª—é–±–∏—Ç—å –∏ –ø–æ–Ω–∏–º–∞—Ç—å. –ò –µ—Å—Ç—å –ø—Ä—è–º–∞—è —Å–≤—è–∑—å –º–µ–∂–¥—É —Å–∏–ª–∞–º–∏, –ø–æ—Ç—Ä–∞—á–µ–Ω–Ω—ã–º–∏ –Ω–∞ —Ö–æ—Ä–æ—à–∏–µ –æ—Ç–Ω–æ—à–µ–Ω–∏—è —Å –ø—É–±–ª–∏–∫–æ–π, –∏ –∫–æ–ª–∏—á–µ—Å—Ç–≤–æ–º –∏ –∫–∞—á–µ—Å—Ç–≤–æ–º —Ç–∏–∫–µ—Ç–æ–≤.

–ú–æ–∂–µ—Ç–µ –Ω–∞–∑—ã–≤–∞—Ç—å —ç—Ç–æ –ø—Ä–æ–∞–∫—Ç–∏–≤–Ω—ã–º –ø–æ–¥—Ö–æ–¥–æ–º. 

–ö–æ—Ä–æ—á–µ, —Ä–µ–∫–æ–º–µ–Ω–¥—É—é.",–ë–ª–æ–≥ –∫–æ–º–ø–∞–Ω–∏–∏ Home Credit Bank Service Desk *–£–ø—Ä–∞–≤–ª–µ–Ω–∏–µ –ø—Ä–æ–µ–∫—Ç–∞–º–∏ *
"2023-03-02, 09:11",–ü—Ä–æ—Å–∏–º –±–æ—Ç–∞ –Ω–∞–ø–∏—Å–∞—Ç—å –±–æ—Ç–∞,"–í —ç—Ç–æ–π —Å—Ç–∞—Ç—å–µ, —Ö–æ—á—É –ø–æ–¥–µ–ª–∏—Ç—å—Å—è –∏–Ω—Ç–µ—Ä–µ—Å–Ω—ã–º –æ–ø—ã—Ç–æ–º —Ä–∞–±–æ—Ç—ã —Å ChatGPT, –≤ —Ä–∞–º–∫–∞—Ö –∫–æ—Ç–æ—Ä–æ–≥–æ –±—ã–ª –Ω–∞–ø–∏—Å–∞–Ω —Ç–µ–ª–µ–≥—Ä–∞–º-–±–æ—Ç –Ω–∞ —è–∑—ã–∫–µ Python, –∏—Å–ø–æ–ª—å–∑—É—é—â–∏–π API OpenAI –¥–ª—è –ø–æ–ª—É—á–µ–Ω–∏—è –æ—Ç–≤–µ—Ç–æ–≤ –Ω–∞ –∑–∞–ø—Ä–æ—Å—ã.–ù–∞—á–∞–ª–æ—Å—å –≤—Å–µ —Å —Ç–æ–≥–æ, —á—Ç–æ —è –∑–∞—Ö–æ—Ç–µ–ª –∑–∞—Ä–µ–≥–∏—Å—Ç—Ä–∏—Ä–æ–≤–∞—Ç—å —Å–µ–±–µ –∞–∫–∫–∞—É–Ω—Ç –Ω–∞ OpenAI –∏ –ø–æ–Ω—è—Ç—å, –∫—Ç–æ —Ç–∞–∫–æ–π —ç—Ç–æ—Ç –≤–∞—à ChatGPT. –ù–µ–º–Ω–æ–≥–æ —Ç–∞–Ω—Ü–µ–≤ —Å –±—É–±–Ω–æ–º, –∏ –∂–µ–ª–∞–µ–º–∞—è —Ü–µ–ª—å –±—ã–ª–∞ –¥–æ—Å—Ç–∏–≥–Ω—É—Ç–∞. –ë–æ—Ç –ø–æ–Ω—Ä–∞–≤–∏–ª—Å—è, –Ω–æ –≤–æ–∑–Ω–∏–∫–∞–ª–∏ –Ω–µ–∫–æ—Ç–æ—Ä—ã–µ –Ω–µ—É–¥–æ–±—Å—Ç–≤–∞ –∏–∑-–∑–∞ –¥–æ—Å—Ç—É–ø–∞ –ø–æ VPN. –¢–æ–≥–¥–∞ —É –º–µ–Ω—è –ø–æ—è–≤–∏–ª–∞—Å—å –∏–¥–µ—è —Å–æ–∑–¥–∞—Ç—å —Ç–µ–ª–µ–≥—Ä–∞–º-–±–æ—Ç–∞, –∫–æ—Ç–æ—Ä—ã–π –±—É–¥–µ—Ç –æ—Ç–ø—Ä–∞–≤–ª—è—Ç—å –∑–∞–ø—Ä–æ—Å—ã –≤ API OpenAI –∏ –≤–æ–∑–≤—Ä–∞—â–∞—Ç—å –æ—Ç–≤–µ—Ç—ã.–Ø –ø–æ—Ç—Ä–∞—Ç–∏–ª —Å–ª–µ–¥—É—é—â–∏–π —á–∞—Å –Ω–∞ —á—Ç–µ–Ω–∏–µ –¥–æ–∫—É–º–µ–Ω—Ç–∞—Ü–∏–∏ –ø–æ API OpenAI, –Ω–æ –º–æ—è –ª–µ–Ω—å –æ–∫–∞–∑–∞–ª–∞—Å—å –±–æ–ª–µ–µ –Ω–∞—Ö–æ–¥—á–∏–≤–æ–π, –∏ —è —Ä–µ—à–∏–ª –¥–∞—Ç—å ChatGPT –∑–∞–¥–∞–Ω–∏–µ –Ω–∞–ø–∏—Å–∞—Ç—å –±–æ—Ç–∞ —Å–∞–º–æ—Å—Ç–æ—è—Ç–µ–ª—å–Ω–æ. –ß—Ç–æ –∏–∑ —ç—Ç–æ–≥–æ –≤—ã—à–ª–æ?",Python *–ò—Å–∫—É—Å—Å—Ç–≤–µ–Ω–Ω—ã–π –∏–Ω—Ç–µ–ª–ª–µ–∫—Ç
"2023-03-02, 08:39",WPF: –∫–æ–Ω—Ç—Ä–æ–ª—ã –ª–∏—à–µ–Ω–Ω—ã–µ –≤–Ω–µ—à–Ω–µ–≥–æ –≤–∏–¥–∞ –∏ –Ω–µ—Ä–∞–∑—Ä–µ—à–∏–º–∞—è –∑–∞–¥–∞—á–∞ –≤—ã–±–æ—Ä–∞ –∫–æ–Ω—Ñ–∏–≥—É—Ä–∞—Ü–∏–∏ —Ç–µ–º–ø–ª–µ–π—Ç–∞,"–ú–Ω–µ –ø–æ—Å–ª–µ–¥–Ω–µ–µ –≤—Ä–µ–º—è –ø—Ä–∏—Ö–æ–¥–∏—Ç—Å—è –∑–∞–Ω–∏–º–∞—Ç—å—Å—è –∏–Ω—Ç–µ—Ä—Ñ–µ–π—Å–æ–º –ø—Ä–∏–ª–æ–∂–µ–Ω–∏—è –¥–ª—è¬†–∞–Ω–∞–ª–∏–∑–∞ –¥–∞–Ω–Ω—ã—Ö, –≤–∏–∑—É–∞–ª—å–Ω—ã–º –ø—Ä–µ–¥—Å—Ç–∞–≤–ª–µ–Ω–∏–µ–º –¥–∞–Ω–Ω—ã—Ö –Ω–∞¬†—Ä–∞–∑–Ω—ã—Ö —Å–ª–æ—è—Ö –∞–Ω–∞–ª–∏–∑–∞, –∞¬†—Ç–∞–∫–∂–µ –Ω–∞–≤–∏–≥–∞—Ü–∏–µ–π –ø–æ¬†—Å–ª–æ—è–º –∏ –ø–æ¬†–¥–∞–Ω–Ω—ã–º. –°–æ–æ—Ç–≤–µ—Ç—Å—Ç–≤–µ–Ω–Ω–æ, –ø—Ä–∏—à–ª–æ—Å—å —Ä–∞–∑–±–∏—Ä–∞—Ç—å—Å—è c –Ω–æ–≤–æ–º–æ–¥–Ω—ã–º WPF, –∫–æ—Ç–æ—Ä—ã–π –ø—Ä–æ–¥–≤–∏–≥–∞–µ—Ç –∫–æ–Ω—Ü–µ–ø—Ü–∏—é —Ä–µ–∞–ª–∏–∑—É—é—â—É—é –≤–æ–∑–º–æ–∂–Ω–æ—Å—Ç—å –ø–∞—Ä–∞–ª–ª–µ–ª—å–Ω–æ–π (–Ω–µ–∑–∞–≤–∏—Å–∏–º–æ–π) —Ä–∞–±–æ—Ç—ã –¥–∏–∑–∞–π–Ω–µ—Ä–æ–≤, –∑–∞–Ω–∏–º–∞—é—â–∏—Ö—Å—è –≤–Ω–µ—à–Ω–∏–º –≤–∏–¥–æ–º –ø—Ä–∏–ª–æ–∂–µ–Ω–∏—è –∏ —Ä–∞–∑—Ä–∞–±–æ—Ç—á–∏–∫–æ–≤, —Ä–µ–∞–ª–∏–∑—É—é—â–∏—Ö –ø–æ–≤–µ–¥–µ–Ω–∏–µ –ø—Ä–∏–ª–æ–∂–µ–Ω–∏—è. –î–∏–∑–∞–π–Ω–µ—Ä, –∫–æ–Ω–µ—á–Ω–æ, –∏–∑¬†–º–µ–Ω—è –Ω–µ¬†–æ—á–µ–Ω—å (–º—è–≥–∫–æ –≥–æ–≤–æ—Ä—è), –∞¬†–≤–æ—Ç —Å¬†—Ä–µ–∞–ª–∏–∑–æ–≤–∞–Ω–Ω–æ–π –∫–æ–Ω—Ü–µ–ø—Ü–∏–µ–π –ø—Ä–æ–≥—Ä–∞–º–º–∏—Ä–æ–≤–∞–Ω–∏—è –≤–Ω–µ—à–Ω–µ–≥–æ –≤–∏–¥–∞ —ç–ª–µ–º–µ–Ω—Ç–æ–≤ —É–ø—Ä–∞–≤–ª–µ–Ω–∏—è –≤¬†–ø—Ä–∏–ª–æ–∂–µ–Ω–∏—è—Ö, –º–Ω–µ, –∫–∞–∂–µ—Ç—Å—è, —É–¥–∞–ª–æ—Å—å —Ä–∞–∑–æ–±—Ä–∞—Ç—å—Å—è. –°–æ–±—Å—Ç–≤–µ–Ω–Ω–æ, –≤–æ—Ç —ç—Ç–∏–º –ø–æ–Ω–∏–º–∞–Ω–∏–µ–º –Ω–µ–∫–æ—Ç–æ—Ä—ã—Ö –∞—Å–ø–µ–∫—Ç–æ–≤ –∫–æ–Ω—Ü–µ–ø—Ü–∏–∏ —è –∏ —Ö–æ—á—É –ø–æ–¥–µ–ª–∏—Ç—å—Å—è, –≤¬†—Ç–æ–º —á–∏—Å–ª–µ –¥–ª—è¬†—Ç–æ–≥–æ, —á—Ç–æ–±—ã —Ä–∞—Å—à–∏—Ä–∏—Ç—å —ç—Ç–æ –ø–æ–Ω–∏–º–∞–Ω–∏–µ –ø–æ¬†—Ä–µ–∑—É–ª—å—Ç–∞—Ç–∞–º –∫—Ä–∏—Ç–∏–∫–∏ –∏/–∏–ª–∏ –æ–±—Å—É–∂–¥–µ–Ω–∏—è.–í–æ–∑–º–æ–∂–Ω–æ, –∫–æ–º—É‚Äë—Ç–æ –±—É–¥–µ—Ç –∏–Ω—Ç–µ—Ä–µ—Å–Ω–æ —Å—Ä–∞–≤–Ω–∏—Ç—å —Ç–æ, —á—Ç–æ¬†–ø—Ä–µ–¥–ª–∞–≥–∞–µ—Ç WPF, —Å¬†–∫–æ–Ω—Ü–µ–ø—Ü–∏—è–º–∏ —Ä–µ–∞–ª–∏–∑–æ–≤–∞–Ω–Ω—ã–º–∏, –Ω–∞–ø—Ä–∏–º–µ—Ä, –≤¬†JavaFX.",.NET *XML *C# *–†–∞–∑—Ä–∞–±–æ—Ç–∫–∞ –ø–æ–¥ Windows *
"2023-03-02, 08:33","–ì–∞—Å–∏—Ç—å –∏–ø–æ—Ç–µ–∫—É –¥–æ—Å—Ä–æ—á–Ω–æ –∏–ª–∏ –∏–Ω–≤–µ—Å—Ç–∏—Ä–æ–≤–∞—Ç—å? –†–∞–∑–±–∏—Ä–∞–µ–º—Å—è, –∫–∞–∫ –Ω–µ –æ–∫–∞–∑–∞—Ç—å—Å—è –±–µ–∑ –¥–µ–Ω–µ–≥ –∏ –±–µ–∑ –∫–≤–∞—Ä—Ç–∏—Ä—ã","–ö—Ç–æ‚Äë—Ç–æ –≥–æ–≤–æ—Ä–∏—Ç, —á—Ç–æ¬†–∏–ø–æ—Ç–µ–∫–∞¬†‚Äî —ç—Ç–æ –∂—É—Ç–∫–∞—è –ø–µ—Ä–µ–ø–ª–∞—Ç–∞ –±–∞–Ω–∫—É, –∏ –µ–µ –Ω—É–∂–Ω–æ –∑–∞–∫—Ä—ã–≤–∞—Ç—å –≤—Å–µ–º–∏ —Å–∏–ª–∞–º–∏ –∫–∞–∫¬†–º–æ–∂–Ω–æ —Å–∫–æ—Ä–µ–µ. –ê¬†–∫—Ç–æ‚Äë—Ç–æ, –Ω–∞–æ–±–æ—Ä–æ—Ç¬†‚Äî —á—Ç–æ¬†—ç—Ç–æ –¥–µ—à–µ–≤—ã–π –∫—Ä–µ–¥–∏—Ç, –∫–æ—Ç–æ—Ä—ã–π –ª—É—á—à–µ –Ω–µ¬†–≥–∞—Å–∏—Ç—å, –∞¬†–Ω–∞–ø—Ä–∞–≤–∏—Ç—å —ç—Ç–∏ –¥–µ–Ω—å–≥–∏ –Ω–∞¬†–∏–Ω–≤–µ—Å—Ç–∏—Ü–∏–∏ (–≤ STONKS). –í¬†—ç—Ç–æ–π —Å—Ç–∞—Ç—å–µ –º—ã –ø–æ–ø—Ä–æ–±—É–µ–º –ø–æ–Ω—è—Ç—å, –∫–∞–∫–∏–º –æ–±—Ä–∞–∑–æ–º –ª—É—á—à–µ –ø–æ–¥—Ö–æ–¥–∏—Ç—å –∫¬†–≥–∞—à–µ–Ω–∏—é –∏–ø–æ—Ç–µ–∫–∏, –∏ —á—Ç–æ¬†—Ç–∞–º –º–æ–∂–µ—Ç –ø–æ–π—Ç–∏ –Ω–µ¬†—Ç–∞–∫.",–§–∏–Ω–∞–Ω—Å—ã –≤ IT
"2023-03-02, 08:13",–ë–æ–µ–≤–æ–π –ø—Ä–æ–∫—Å–∏-—Å–µ—Ä–≤–µ—Ä Squid 5.2 —Å –Ω—É–ª—è —á.2,"–ù–∞—Å—Ç—Ä–æ–π–∫–∞ —Ñ–∞–π–ª–∞ –∫–æ–Ω—Ñ–∏–≥—É—Ä–∞—Ü–∏–∏ Squid–ü—Ä–æ–∏–∑–≤–µ–¥–µ–º –±–∞–∑–æ–≤—É—é –Ω–∞—Å—Ç—Ä–æ–π–∫—É, –æ—Ç–∫—Ä—ã–≤–∞–µ–º /etc/squid/squid.conf# –ê—É—Ç–µ–Ω—Ç–∏—Ñ–∏–∫–∞—Ü–∏—è Kerberosauth_param negotiate program /usr/lib/squid/negotiate_kerberos_auth -k /etc/squid/squid.keytab -s proxy_k@YOURDOMAIN.RUauth_param negotiate children 160 startup=0 idle=1auth_param negotiate keep_alive off¬†...",–ù–∞—Å—Ç—Ä–æ–π–∫–∞ Linux *–°–∏—Å—Ç–µ–º–Ω–æ–µ –∞–¥–º–∏–Ω–∏—Å—Ç—Ä–∏—Ä–æ–≤–∞–Ω–∏–µ *–°–µ—Ç–µ–≤—ã–µ —Ç–µ—Ö–Ω–æ–ª–æ–≥–∏–∏ *
"2023-03-02, 07:22",–ë–æ–µ–≤–æ–π –ø—Ä–æ–∫—Å–∏-—Å–µ—Ä–≤–µ—Ä Squid 5.2 —Å –Ω—É–ª—è,"–í—Å–µ–º –ø—Ä–∏–≤–µ—Ç. –ü–æ—è–≤–∏–ª–∞—Å—å –Ω–µ–æ–±—Ö–æ–¥–∏–º–æ—Å—Ç—å —Å–º–µ–Ω–∏—Ç—å –≤ –∫–æ–º–ø–∞–Ω–∏–∏ —Å—Ç–∞—Ä–∏—á–∫–∞ Squid 3.5 —Å NTLM –Ω–∞ FreeBSD, —Ç—Ä—É–¥—è—â–µ–≥–æ—Å—è —Å –ª–æ—Ö–º–∞—Ç—ã—Ö –≥–æ–¥–æ–≤, —Ç–∞–∫ –∫–∞–∫ –∫–∞–∫ –æ–Ω –Ω–µ —É–ø—Ä–∞–≤–ª—è–ª —Å–∫–æ—Ä–æ—Å—Ç—è–º–∏ –∏ —Ñ—É–Ω–∫—Ü–∏–æ–Ω–∞–ª —Ä–∞–±–æ—Ç–∞–ª –∫—Ä–∏–≤–æ. –ë—ã–ª–æ —Ä–µ—à–µ–Ω–æ —Å—Ç–∞–≤–∏—Ç—å Squid 5.2 —Å –∞–≤—Ç–æ—Ä–∏–∑–∞—Ü–∏–µ–π –ø–æ Kerberos –Ω–∞ Ubuntu 22.04. –ö–æ–Ω—Ñ–∏–≥ –æ—Ç 3.5 –Ω–µ –ø–æ–¥—Ö–æ–¥–∏—Ç –¥–ª—è 5 –≤–µ—Ä—Å–∏–∏, –ø–æ—ç—Ç–æ–º—É –≤—Å–µ –ø–∏—Å–∞–ª–æ—Å—å —Å –Ω—É–ª—è. –î–ª—è —É–¥–æ–±—Å—Ç–≤–∞ —á—Ç–µ–Ω–∏—è –Ω–∞—Å—Ç—Ä–æ–π–∫–∞ –±—É–¥–µ—Ç —Ä–∞–∑–±–∏—Ç–∞ –Ω–µ –Ω–µ—Å–∫–æ–ª—å–∫–æ —Å—Ç–∞—Ç–µ–π.",–ù–∞—Å—Ç—Ä–æ–π–∫–∞ Linux *–°–∏—Å—Ç–µ–º–Ω–æ–µ –∞–¥–º–∏–Ω–∏—Å—Ç—Ä–∏—Ä–æ–≤–∞–Ω–∏–µ *–°–µ—Ç–µ–≤—ã–µ —Ç–µ—Ö–Ω–æ–ª–æ–≥–∏–∏ *
"2023-03-02, 02:07","–†–∞–∑—Ä–∞–±–æ—Ç–∫–∞ –∫—Ä–æ—Å–ø–ª–∞—Ç—Ñ–æ—Ä–º–µ–Ω–Ω–æ–≥–æ –ø—Ä–∏–ª–æ–∂–µ–Ω–∏—è –Ω–∞ Qt —Å –∏—Å–ø–æ–ª—å–∑–æ–≤–∞–Ω–∏–µ–º –Ω–µ–π—Ä–æ—Å–µ—Ç–µ–π, –æ–±—É—á–µ–Ω–Ω—ã—Ö –Ω–∞ tensorflow",–†–∞–∑—Ä–∞–±–æ—Ç–∫–∞ –∫—Ä–æ—Å–ø–ª–∞—Ç—Ñ–æ—Ä–º–µ–Ω–Ω–æ–≥–æ –ø—Ä–∏–ª–æ–∂–µ–Ω–∏—è –Ω–∞ Qt —Å –∏—Å–ø–æ–ª—å–∑–æ–≤–∞–Ω–∏–µ–º –Ω–µ–π—Ä–æ—Å–µ—Ç–µ–π –æ–±—É—á–µ–Ω–Ω—ã—Ö –Ω–∞ tensorflow.,C++ *Qt *–ú–∞—à–∏–Ω–Ω–æ–µ –æ–±—É—á–µ–Ω–∏–µ *–ò—Å–∫—É—Å—Å—Ç–≤–µ–Ω–Ω—ã–π –∏–Ω—Ç–µ–ª–ª–µ–∫—Ç TensorFlow *
"2023-03-02, 01:26",–£–∫—Ä–æ—â–µ–Ω–∏–µ —Å—Ç—Ä–æ–ø—Ç–∏–≤—ã—Ö: –∫–∞–∫ —É–ø—Ä–∞–≤–ª—è—Ç—å –∫–æ–Ω—Ñ–ª–∏–∫—Ç–∞–º–∏ –ø–æ-—Ä—É—Å—Å–∫–∏,"–ü—Ä–æ–±–ª–µ–º–∞—Ç–∏–∫–∞: –∫–æ–Ω—Ñ–ª–∏–∫—Ç—ã –µ—Å—Ç—å –∏ –±—É–¥—É—Ç, –Ω–æ¬†–æ—Ñ–∏—Å–Ω–∞—è –∫–æ–Ω—Ñ–ª–∏–∫—Ç–æ–ª–æ–≥–∏—è –Ω–∞—É–∫–∞ –æ—á–µ–Ω—å —Å—Ç—Ä–∞–Ω–Ω–∞—è –∏ –∏–º–µ–µ—Ç —Å–∏–ª—å–Ω—ã–π –∏–Ω—Ñ–æ—Ü—ã–≥–∞–Ω—Å–∫–∏–π –æ–∫—Ä–∞—Å, –±–æ–Ω—É—Å–æ–º –º–µ—Ç–æ–¥–æ–ª–æ–≥–∏—è —è–≤–Ω–æ –ø—Ä–æ—Ä–∞–±–∞—Ç—ã–≤–∞–ª–∞—Å—å –¥–ª—è¬†–∞–º–µ—Ä–∏–∫–∞–Ω—Å–∫–æ–π –º–µ–Ω—Ç–∞–ª—å–Ω–æ—Å—Ç–∏. –í–Ω–µ–∑–∞–ø–Ω–æ, –Ω–æ¬†–¥–ª—è¬†—Ä–µ—à–µ–Ω–∏—è —Å–ø–æ—Ä–æ–≤ –≤¬†—Ä—É—Å—Å–∫–∏—Ö –∏–Ω–∂–µ–Ω–µ—Ä–Ω—ã—Ö —Å–æ–æ–±—â–µ—Å—Ç–≤–∞—Ö –ø—Ä–æ—Å—Ç–æ –±—É–¥—å—Ç–µ —á–µ—Å—Ç–Ω—ã–º–∏.",–£–ø—Ä–∞–≤–ª–µ–Ω–∏–µ —Ä–∞–∑—Ä–∞–±–æ—Ç–∫–æ–π *–£–ø—Ä–∞–≤–ª–µ–Ω–∏–µ –ø–µ—Ä—Å–æ–Ω–∞–ª–æ–º *
"2023-03-02, 00:17",–¢—Ä–∞—Å—Å–∏—Ä–æ–≤–∫–∞ –∫–∞–±–µ–ª—å–Ω–æ–π –ª–∏–Ω–∏–∏ –ø–æ –¥–Ω—É –≤–æ–¥–æ–µ–º–∞,"–ü–æ—Å–ª–µ –∑–∞–≤–µ—Ä—à–µ–Ω–∏—è —Å—Ç—Ä–æ–∏—Ç–µ–ª—å—Å—Ç–≤–∞ –ª–∏–Ω–∏–π —Å–≤—è–∑–∏ –æ—Ç –ø–æ–¥—Ä—è–¥—á–∏–∫–∞, –∫–∞–∫ –ø—Ä–∞–≤–∏–ª–æ, –≤—Å–µ–≥–¥–∞ –ø—Ä–æ–±–ª–µ–º–∞ –¥–æ–±–∏—Ç—å—Å—è –∫–∞—á–µ—Å—Ç–≤–µ–Ω–Ω–æ–π –∏—Å–ø–æ–ª–Ω–∏—Ç–µ–ª—å–Ω–æ–π –¥–æ–∫—É–º–µ–Ω—Ç–∞—Ü–∏–∏. –î–æ–∫—É–º–µ–Ω—Ç–∞—Ü–∏—è —Å –∫–æ—Ç–æ—Ä–æ–π –º–Ω–µ –ø—Ä–∏—Ö–æ–¥–∏–ª–æ—Å—å —Å—Ç–∞–ª–∫–∏–≤–∞—Ç—å—Å—è –ø–æ –¥–æ–ª–≥—É —Å–ª—É–∂–±—ã –ø—Ä–µ–¥—Å—Ç–∞–≤–ª—è–ª–∞ —Å–æ–±–æ–π –æ—á–µ–Ω—å –ø–µ—á–∞–ª—å–Ω–æ–µ –∑—Ä–µ–ª–∏—â–µ. –û—á–µ—Ä—á–µ–Ω–Ω–∞—è –ª–∏–Ω–∏—è —Å –ø—Ä–∏–º–µ—Ä–Ω–æ–π –ø—Ä–∏–≤—è–∑–∫–æ–π –∫ –º–µ—Å—Ç–Ω–æ—Å—Ç–∏ –æ—á–µ–Ω—å –Ω–µ –∏–Ω—Ñ–æ—Ä–º–∞—Ç–∏–≤–Ω–∞, –∫–æ–≥–¥–∞ –Ω—É–∂–Ω–æ –Ω–∞–π—Ç–∏ –∫–∞–±–µ–ª—å–Ω—É—é –ª–∏–Ω–∏—é —Ö–æ—Ç—è –±—ã —Å —Ç–æ—á–Ω–æ—Å—Ç—å—é –≤ 1 –º–µ—Ç—Ä. –ö–∞–∫ —Å–ª–µ–¥—Å—Ç–≤–∏–µ –∫—É—á–∞ –≤—Ä–µ–º–µ–Ω–∏ —Ç—Ä–∞—Ç–∏—Ç—Å—è –Ω–∞ –ø–æ–∏—Å–∫–∏ –º–µ—Å—Ç–∞ –∑–∞–ª–µ–≥–∞–Ω–∏—è –ø—Ä–æ–ª–æ–∂–µ–Ω–Ω–æ–π –∫–∞–±–µ–ª—å–Ω–æ–π –ª–∏–Ω–∏–∏.–ó–∞–¥–∞—á–∞ —É—Å–ª–æ–∂–Ω—è–µ—Ç—Å—è –µ—Å–ª–∏ –∫–∞–±–µ–ª—å –ø—Ä–æ–ª–æ–∂–µ–Ω –ø–æ –¥–Ω—É –≤–æ–¥–æ–µ–º–∞. –ï—Å—Ç—å —Ç–∞–∫–æ–π —Å–ø–æ—Å–æ–± –ø—Ä–æ–∫–ª–∞–¥–∫–∏ –í–û–õ–°, –∫–æ–≥–¥–∞ –∫–∞–±–µ–ª—å —É–∫–ª–∞–¥—ã–≤–∞—é—Ç –Ω–∞ –¥–Ω–æ –∏¬† –ø–æ—Å—Ç–µ–ø–µ–Ω–Ω–æ –ø–æ–≥—Ä—É–∂–∞–µ—Ç—Å—è –≤ –∏–ª, –≥–¥–µ –ø–æ—Ç–æ–º —Ä–∞–±–æ—Ç–∞–µ—Ç –≥–æ–¥–∞–º–∏.–ò –≤–æ—Ç –Ω–∞—Å—Ç–∞–ª –¥–µ–Ω—å, –∫–æ–≥–¥–∞ —ç—Ç–æ—Ç —Å–∞–º—ã–π –≤–æ–¥–æ–µ–º —Ä–µ—à–∏–ª–∏ –æ—Å—É—à–∏—Ç—å, –ø–æ—á–∏—Å—Ç–∏—Ç—å –∏ —É–≥–ª—É–±–∏—Ç—å –¥–Ω–æ. –ù–µ –Ω—É–∂–Ω–æ —Ä–∞—Å—Å–∫–∞–∑—ã–≤–∞—Ç—å, —á—Ç–æ —Ç–∞–∫–∏–µ —Ä–∞–±–æ—Ç—ã —Å–æ–ø—Ä–æ–≤–æ–∂–¥–∞—é—Ç—Å—è —Å –ø—Ä–∏–º–µ–Ω–µ–Ω–∏–µ–º —Å–ø–µ—Ü—Ç–µ—Ö–Ω–∏–∫–∏ –∏ –ø–æ–≤—Ä–µ–∂–¥–µ–Ω–∏—è –∫–∞–±–µ–ª—å–Ω–æ–π –ª–∏–Ω–∏–∏ –±—ã–ª–æ –Ω–µ –∏–∑–±–µ–∂–∞—Ç—å.",–°–µ—Ç–µ–≤—ã–µ —Ç–µ—Ö–Ω–æ–ª–æ–≥–∏–∏ *–°–µ—Ç–µ–≤–æ–µ –æ–±–æ—Ä—É–¥–æ–≤–∞–Ω–∏–µ
"2023-03-01, 22:59",–ö–∞–∫ –∫–∞—Å—Ç–æ–º–∏–∑–∏—Ä–æ–≤–∞—Ç—å —Å—Ç–∞–Ω–¥–∞—Ä—Ç–Ω—ã–µ —Å—Ç—Ä–∞–Ω–∏—Ü—ã –æ—à–∏–±–æ–∫,"–î–∞–Ω–Ω–∞—è —Å—Ç–∞—Ç—å—è –æ–ø–∏—Å—ã–≤–∞–µ—Ç —É—Ç–∏–ª–∏—Ç—É –¥–ª—è –≥–µ–Ω–µ—Ä–∞—Ü–∏–∏ —Å—Ç–∞—Ç–∏—á–µ—Å–∫–∏—Ö —Å—Ç—Ä–∞–Ω–∏—Ü –æ—à–∏–±–æ–∫, –∏—Å–ø–æ–ª—å–∑—É–µ–º—ã—Ö –≤ –∫–∞—á–µ—Å—Ç–≤–µ –∑–∞–º–µ–Ω—ã —Å—Ç–∞–Ω–¥–∞—Ä—Ç–Ω—ã–º —Å—Ç—Ä–∞–Ω–∏—Ü–∞–º. –í —Å—Ç–∞—Ç—å–µ –ø–æ–¥—Ä–æ–±–Ω–æ –æ–ø–∏—Å–∞–Ω—ã –≤–æ–∑–º–æ–∂–Ω–æ—Å—Ç–∏ —É—Ç–∏–ª–∏—Ç—ã, —Å—Ä–µ–¥–∏ –∫–æ—Ç–æ—Ä—ã—Ö —à–∞–±–ª–æ–Ω–∏–∑–∞—Ü–∏—è, —Å—Ç–∏–ª–∏–∑–∞—Ü–∏—è, –ª–æ–∫–∞–ª–∏–∑–∞—Ü–∏—è, –≥–µ–Ω–µ—Ä–∞—Ü–∏—è —Å–Ω–∏–ø–ø–µ—Ç–æ–≤ –¥–ª—è –Ω–∞—Å—Ç—Ä–æ–π–∫–∏ —Å–µ—Ä–≤–µ—Ä–∞. –ü—Ä–æ–µ–∫—Ç —è–≤–ª—è–µ—Ç—Å—è Open Source, –∏ –æ—Ç–∫—Ä—ã—Ç –¥–ª—è –Ω–æ–≤—ã—Ö –∏–¥–µ–π –∏ –∑–∞–ø—Ä–æ—Å–æ–≤.",–†–∞–∑—Ä–∞–±–æ—Ç–∫–∞ –≤–µ–±-—Å–∞–π—Ç–æ–≤ *JavaScript *Nginx *–î–∏–∑–∞–π–Ω
"2023-03-01, 19:09",–†—É–∫–æ–≤–æ–¥—Å—Ç–≤–æ –ø–æ –≤–æ–∑–º–æ–∂–Ω–æ—Å—Ç—è–º —è–∑—ã–∫–∞ Java –≤–µ—Ä—Å–∏–π 8-19,"–í—ã –º–æ–∂–µ—Ç–µ –∏—Å–ø–æ–ª—å–∑–æ–≤–∞—Ç—å —ç—Ç–æ —Ä—É–∫–æ–≤–æ–¥—Å—Ç–≤–æ –¥–ª—è¬†–ø–æ–ª—É—á–µ–Ω–∏—è –ø—Ä–∞–∫—Ç–∏—á–µ—Å–∫–æ–π –∏–Ω—Ñ–æ—Ä–º–∞—Ü–∏–∏ –æ¬†—Ç–æ–º, –∫–∞–∫¬†–Ω–∞–π—Ç–∏ –∏ —É—Å—Ç–∞–Ω–æ–≤–∏—Ç—å –ø–æ—Å–ª–µ–¥–Ω—é—é –≤–µ—Ä—Å–∏—é Java, –ø–æ–Ω—è—Ç—å —Ä–∞–∑–ª–∏—á–∏—è –º–µ–∂–¥—É –¥–∏—Å—Ç—Ä–∏–±—É—Ç–∏–≤–∞–º–∏ Java (Adoptium, AdoptOpenJdk, OpenJDK, OracleJDK –∏¬†—Ç.¬†–¥.), –∞¬†—Ç–∞–∫–∂–µ –ø–æ–ª—É—á–∏—Ç—å –æ–±–∑–æ—Ä —Ñ—É–Ω–∫—Ü–∏–π —è–∑—ã–∫–∞ Java, –≤–∫–ª—é—á–∞—è –≤–µ—Ä—Å–∏–∏ 8‚Äì19.",Java *
"2023-03-01, 19:00",–ö–∞–∫–∞—è —Å—É–¥—å–±–∞ —É –¥–≤—É—Ö–º–µ—Ä–Ω—ã—Ö –º–∞—Ç–µ—Ä–∏–∞–ª–æ–≤ –≤ –†–æ—Å—Å–∏–∏?,"–ü–æ—Å–ª–µ –æ—Ç–∫—Ä—ã—Ç–∏—è –≥—Ä–∞—Ñ–µ–Ω–∞ (–¥–≤—É—Ö–º–µ—Ä–Ω–æ–π —Ñ–æ—Ä–º—ã —É–≥–ª–µ—Ä–æ–¥–∞) –æ–±–Ω–∞—Ä—É–∂–µ–Ω—ã –±–æ–ª–µ–µ –¥–µ—Å—è—Ç–∏ –≤–µ—â–µ—Å—Ç–≤ —Å–æ —Å—Ö–æ–∂–µ–π —Å—Ç—Ä—É–∫—Ç—É—Ä–æ–π (–≥–µ–∫—Å–∞–≥–æ–Ω–∞–ª—å–Ω—ã–π –Ω–∏—Ç—Ä–∏–¥ –±–æ—Ä–∞, GaN –∏ AlN, –¥–∏—Ö–∞–ª—å–∫–æ–≥–µ–Ω–∏–¥—ã –ø–µ—Ä–µ—Ö–æ–¥–Ω—ã—Ö –º–µ—Ç–∞–ª–ª–æ–≤ –∏ –¥—Ä.). –ò—Ö —Ñ–∏–∑–∏–∫–æ-—Ö–∏–º–∏—á–µ—Å–∫–∏–µ —Å–≤–æ–π—Å—Ç–≤–∞ –∏–º–µ—é—Ç –æ–≥—Ä–æ–º–Ω—ã–π –ø—Ä–∞–∫—Ç–∏—á–µ—Å–∫–∏–π –ø–æ—Ç–µ–Ω—Ü–∏–∞–ª –∏ —á–∞—Å—Ç–∏—á–Ω–æ —É–∂–µ –∏—Å–ø–æ–ª—å–∑—É—é—Ç—Å—è –≤ –∫–æ–º–ø–æ–∑–∏—Ü–∏–æ–Ω–Ω—ã—Ö –º–∞—Ç–µ—Ä–∏–∞–ª–∞—Ö, –∑–∞—â–∏—Ç–Ω—ã—Ö –ø–æ–∫—Ä—ã—Ç–∏—è—Ö, –±–∏–æ–º–µ–¥–∏—Ü–∏–Ω—Å–∫–∏—Ö –¥–∞—Ç—á–∏–∫–∞—Ö, —Ñ–∞—Ä–º–∞—Ü–µ–≤—Ç–∏–∫–µ –∏ –µ—â–µ –ø—Ä–∏–º–µ—Ä–Ω–æ 40 –æ—Ç—Ä–∞—Å–ª—è—Ö. –í –Ω–∞—à–µ–º –æ–±–∑–æ—Ä–µ –æ–±–æ–±—â–µ–Ω—ã —Ä–µ–∑—É–ª—å—Ç–∞—Ç—ã –∏–Ω—Ç–µ–ª–ª–µ–∫—Ç—É–∞–ª—å–Ω–æ–π –¥–µ—è—Ç–µ–ª—å–Ω–æ—Å—Ç–∏ (–†–ò–î) –≤ –†–§ –≤ –æ–±–ª–∞—Å—Ç–∏ –¥–≤—É—Ö–º–µ—Ä–Ω—ã—Ö –º–∞—Ç–µ—Ä–∏–∞–ª–æ–≤ –∑–∞ –ø–æ—Å–ª–µ–¥–Ω–∏–µ 5 –ª–µ—Ç, –ø–æ–ª—å–∑—É—è—Å—å –æ—Ç–∫—Ä—ã—Ç—ã–º–∏ –±–∞–∑–∞–º–∏ –¥–∞–Ω–Ω—ã—Ö.",–ë–ª–æ–≥ –∫–æ–º–ø–∞–Ω–∏–∏ –û–Ω–ª–∞–π–Ω –ü–∞—Ç–µ–Ω—Ç –ü–∞—Ç–µ–Ω—Ç–æ–≤–∞–Ω–∏–µ *–ù–∞—É—á–Ω–æ-–ø–æ–ø—É–ª—è—Ä–Ω–æ–µ
"2023-03-01, 17:54",–î–∏–∑–∞–π–Ω —É—Ä–æ–≤–Ω–µ–π. –£—á–∏–º—Å—è —É Atomic Heart,"Atomic Heart —Å—Ç–∞–ª–∞ –æ–¥–Ω–æ–π –∏—Ö —Ç–µ—Ö –∏–≥—Ä, –∫–æ—Ç–æ—Ä—É—é —è –ø–æ–ª—é–±–∏–ª –∑–∞ –ø–µ—Ä–µ–¥–∞–Ω–Ω—É—é —Ä–∞–∑—Ä–∞–±–æ—Ç—á–∏–∫–∞–º–∏ –∞—Ç–º–æ—Å—Ñ–µ—Ä—É. –°–æ–≤–µ—Ç—Å–∫–∞—è —ç—Å—Ç–µ—Ç–∏–∫–∞, –∫—É–ª—å—Ç—É—Ä–∞, –≤—Å—è —ç–ø–æ—Ö–∞ –ø–µ—Ä–µ–¥–∞–Ω—ã –ø—Ä–æ—Å—Ç–æ –±–µ–∑—É–ø—Ä–µ—á–Ω–æ. –ü—Ä–µ–∫—Ä–∞—Å–Ω–∞—è –º—É–∑—ã–∫–∞, –∫–æ—Ç–æ—Ä—É—é –º–æ–∂–Ω–æ —É—Å–ª—ã—à–∞—Ç—å —á—É—Ç—å –ª–∏ –Ω–µ –Ω–∞ –∫–∞–∂–¥–æ–π –ª–æ–∫–∞—Ü–∏–∏. –ë–æ–ª—å—à–æ–µ –∫–æ–ª–∏—á–µ—Å—Ç–≤–æ –∞–≥–∏—Ç–∏—Ä—É—é—â–∏—Ö –ø–ª–∞–∫–∞—Ç–æ–≤, –ø–∞–º—è—Ç–Ω–∏–∫–æ–≤ –æ—Ç–¥–µ–ª—å–Ω—ã–º –ª–∏—á–Ω–æ—Å—Ç—è–º, –Ω–∞–ø—Ä–∏–º–µ—Ä, –õ–µ–Ω–∏–Ω—É. –ú–æ–∂–Ω–æ –≤—Å—Ç—Ä–µ—Ç–∏—Ç—å –∏ —Å–æ–≤–µ—Ç—Å–∫—É—é –∞—Ä—Ö–∏—Ç–µ–∫—Ç—É—Ä—É, —Ö–æ—Ç—å –∏ 90 –ø—Ä–æ—Ü–µ–Ω—Ç–æ–≤ –∞—Ä—Ö–∏—Ç–µ–∫—Ç—É—Ä—ã –≤—ã–ø–æ–ª–Ω–µ–Ω–æ –≤ —Ä–µ—Ç—Ä–æ-—Ñ—É—Ç—É—Ä–∏–∑–º–µ. –ù–æ –ø—Ä–∏ –ø—Ä–æ—Ö–æ–∂–¥–µ–Ω–∏–∏ –±—ã–ª–æ –∑–∞–º–µ—á–µ–Ω–æ –Ω–µ—Å–∫–æ–ª—å–∫–æ –æ—à–∏–±–æ–∫, –∫–æ—Ç–æ—Ä—ã–µ —Å–º–æ–≥–ª–∏ –¥–æ–ø—É—Å—Ç–∏—Ç—å –¥–∏–∑–∞–π–Ω–µ—Ä—ã –ø—Ä–∏ —Ä–∞–±–æ—Ç–µ. –†–∞—Å—Å–º–æ—Ç—Ä–∏–º –≤—Å–µ, —á—Ç–æ –±—ã–ª–æ –∑–∞–º–µ—á–µ–Ω–æ.",–†–∞–∑—Ä–∞–±–æ—Ç–∫–∞ –∏–≥—Ä *–î–∏–∑–∞–π–Ω –∏–≥—Ä *–ò–≥—Ä—ã –∏ –∏–≥—Ä–æ–≤—ã–µ –∫–æ–Ω—Å–æ–ª–∏
"2023-03-01, 17:27","–ò—â–µ–º –æ—Ç–≤–µ—Ç –Ω–∞ –≥–ª–∞–≤–Ω—ã–π –≤–æ–ø—Ä–æ—Å –í—Å–µ–ª–µ–Ω–Ω–æ–π, –∂–∏–∑–Ω–∏ –∏ –≤—Å–µ–≥–æ —Ç–∞–∫–æ–≥–æ –≤ –Ω–æ–≤–æ–º —Å–µ–∑–æ–Ω–µ ML –Ω–∞ –•–∞–±—Ä–µ","–ú–µ–Ω—è –∑–æ–≤—É—Ç –ê–Ω–¥—Ä–µ–π –ê–≤—Ä–∞–º—á—É–∫, —è —Å—Ç–∞—Ä—à–∏–π –ø—Ä–æ–¥—é—Å–µ—Ä —Å–ø–µ—Ü–ø—Ä–æ–µ–∫—Ç–æ–≤ –≤ –•–∞–±—Ä–µ, –ø—Ä–∏–Ω—ë—Å –Ω–µ –æ—Ç–≤–µ—Ç –Ω–∞ –≥–ª–∞–≤–Ω—ã–π –≤–æ–ø—Ä–æ—Å, –∞ –ø–æ–∫–∞ —Ç–æ–ª—å–∫–æ –Ω–æ–≤—ã–π —Å–µ–∑–æ–Ω –Ω–∞ –•–∞–±—Ä–µ ‚Äî ¬´–ú–∞—à–∏–Ω–Ω–æ–µ –æ–±—É—á–µ–Ω–∏–µ¬ª, –∫–æ—Ç–æ—Ä—ã–π –º—ã –ø—Ä–æ–≤–æ–¥–∏–º —Å–æ–≤–º–µ—Å—Ç–Ω–æ —Å –í–¢–ë —Å 1 –ø–æ 31 –º–∞—Ä—Ç–∞. –ë—É–¥–µ–º –∏—Å–∫–∞—Ç—å –≤–º–µ—Å—Ç–µ, –∏ –¥–∞ –ø–æ–º–æ–∂–µ—Ç –Ω–∞–º –º–∞–≥–∏—è ML.",–ë–ª–æ–≥ –∫–æ–º–ø–∞–Ω–∏–∏ –í–¢–ë Habr –ú–∞—à–∏–Ω–Ω–æ–µ –æ–±—É—á–µ–Ω–∏–µ *
"2023-03-01, 17:21","–ß–µ–º –æ—Ç–ª–∏—á–∞—é—Ç—Å—è –∏ –Ω–∞ —á—Ç–æ –≤–ª–∏—è—é—Ç —Ç–∏–ø—ã CDN: P2P, Push –∏ Pull","CDN (Content Delivery Network)¬†‚Äî —Ä–∞—Å–ø—Ä–µ–¥–µ–ª–µ–Ω–Ω–∞—è —Å–µ—Ç–µ–≤–∞—è –∞—Ä—Ö–∏—Ç–µ–∫—Ç—É—Ä–∞, —Å–æ–∑–¥–∞–Ω–Ω–∞—è –¥–ª—è¬†—É—Å–∫–æ—Ä–µ–Ω–∏—è –¥–æ—Å—Ç–∞–≤–∫–∏ –∫–æ–Ω—Ç–µ–Ω—Ç–∞ –ø–æ–ª—å–∑–æ–≤–∞—Ç–µ–ª—è–º. CDN –≤–ª–∏—è–µ—Ç –Ω–∞¬†—Å–∫–æ—Ä–æ—Å—Ç—å –∑–∞–≥—Ä—É–∑–∫–∏ –ª—é–±–æ–≥–æ –∫–æ–Ω—Ç–µ–Ω—Ç–∞ —Å–∞–π—Ç–æ–≤ –∏ –ø—Ä–∏–ª–æ–∂–µ–Ω–∏–π, –∫–æ—Ç–æ—Ä—ã–π –≤–∏–¥–∏—Ç –ø–æ–ª—å–∑–æ–≤–∞—Ç–µ–ª—å: –∞—É–¥–∏–æ, –≤–∏–¥–µ–æ, —Å—Ç—Ä–∏–º–∏–Ω–≥, –∏–∑–æ–±—Ä–∞–∂–µ–Ω–∏—è, —Ç–µ–∫—Å—Ç—ã, –≥—Ä–∞—Ñ–∏–∫–∞.–°–µ—Ç—å –¥–æ—Å—Ç–∞–≤–∫–∏ –∫–æ–Ω—Ç–µ–Ω—Ç–∞ –¥–µ–ª–∏—Ç—Å—è –Ω–∞¬†—Ç—Ä–∏ —Ç–∏–ø–∞: P2P, Push –∏ Pull. –í¬†–º–∞—Ç–µ—Ä–∏–∞–ª–µ —Ä–∞–∑–±–∏—Ä–∞–µ–º—Å—è –≤¬†–æ—Ç–ª–∏—á–∏—è—Ö –∏ –æ—Å–æ–±–µ–Ω–Ω–æ—Å—Ç—è—Ö —Ä–∞–∑–Ω—ã—Ö CDN.",–ë–ª–æ–≥ –∫–æ–º–ø–∞–Ω–∏–∏ ITGLOBAL.COM –†–∞–∑—Ä–∞–±–æ—Ç–∫–∞ –≤–µ–±-—Å–∞–π—Ç–æ–≤ *
"2023-03-01, 17:17","230 –æ—Ç–∫–ª–∏–∫–æ–≤, 3 –Ω–µ–¥–µ–ª–∏ –º—É–∫ –≤—ã–±–æ—Ä–∞ –∏ 9 —Å–æ–≤–µ—Ç–æ–≤ —Ç–µ–º, –∫—Ç–æ –∏—â–µ—Ç —Ä–∞–±–æ—Ç—É –º–µ–Ω–µ–¥–∂–µ—Ä–æ–º –ø–æ –ø—Ä–æ–µ–∫—Ç–∞–º –≤ –ò–¢","–ü—Ä–∏–≤–µ—Ç, –º–µ–Ω—è –∑–æ–≤—É—Ç –ú–∞–∫—Å–∏–º –ö—É–ª—å–≥–∏–Ω, –º–æ—è –∫–æ–º–ø–∞–Ω–∏—è xmldatafeed –∑–∞–Ω–∏–º–∞–µ—Ç—Å—è –ø–∞—Ä—Å–∏–Ω–≥–æ–º –º–Ω–æ–≥–æ –ª–µ—Ç. –í—Å—Ç–∞–ª –≤–æ–ø—Ä–æ—Å –ø–æ–∏—Å–∫–∞ –≤¬†–∫–æ–º–∞–Ω–¥—É –º–µ–Ω–µ–¥–∂–µ—Ä–∞ –ø–æ¬†–ø—Ä–æ–µ–∫—Ç–∞–º, –∫–æ—Ç–æ—Ä—ã–π –±—É–¥–µ—Ç –æ–±—Ä–∞–±–∞—Ç—ã–≤–∞—Ç—å –≤—Ö–æ–¥—è—â–∏–µ –∑–∞—è–≤–∫–∏ –Ω–∞¬†–ø–∞—Ä—Å–∏–Ω–≥, —Å—Ç–∞–≤–∏—Ç—å –∑–∞–¥–∞—á—É –ø—Ä–æ–≥—Ä–∞–º–º–∏—Å—Ç–∞–º –∏ —Å–¥–∞–≤–∞—Ç—å —Ä–∞–±–æ—Ç—É –∫–ª–∏–µ–Ω—Ç–∞–º. –ü–æ–¥–µ–ª—é—Å—å –æ–ø—ã—Ç–æ–º –Ω–∞–π–º–∞ –∏ –¥–∞–º –∞–∫–∫—É—Ä–∞—Ç–Ω—ã–µ, –∫–æ—Ä–æ—Ç–∫–∏–µ —Å–æ–≤–µ—Ç—ã —Å–æ–∏—Å–∫–∞—Ç–µ–ª—è–º‚Ä¶–°—Ä–∞–∑—É –ø–æ–¥—á–µ—Ä–∫–Ω—É, —á—Ç–æ¬†–ø—Ä–æ—Å—Ç—ã–µ —Å–æ–≤–µ—Ç—ã –Ω–∏–∂–µ –æ—Ç–Ω–æ—Å—è—Ç—Å—è –∫¬†–∫–æ–Ω–∫—Ä–µ—Ç–Ω–æ–π –≤–∞–∫–∞–Ω—Å–∏–∏ –≤¬†–ò–¢, –Ω–æ¬†—è –¥—É–º–∞—é, —á—Ç–æ¬†–Ω–µ–∫–æ—Ç–æ—Ä—ã–µ –∏–∑¬†–Ω–∏—Ö —É–Ω–∏–≤–µ—Ä—Å–∞–ª—å–Ω—ã–µ –∏ –ø–æ–¥–æ–π–¥—É—Ç –º–Ω–æ–≥–∏–º, –∫—Ç–æ –¥—É–º–∞–µ—Ç —Å–º–µ–Ω–∏—Ç—å —Ä–∞–±–æ—Ç—É. –≠—Ç–æ¬†–ª–∏—à—å –º–æ–µ —á–∞—Å—Ç–Ω–æ–µ –º–Ω–µ–Ω–∏–µ –∫–∞–∫¬†—Ä–∞–±–æ—Ç–æ–¥–∞—Ç–µ–ª—è, –∫–æ—Ç–æ—Ä—ã–π —Å–∞–º (–±–µ–∑ HR –º–µ–Ω–µ–¥–∂–µ—Ä–∞) –ø—ã—Ç–∞–ª—Å—è –∑–∞–∫—Ä—ã—Ç—å –≤–∞–∫–∞–Ω—Å–∏—é. –¢–µ–∫—Å—Ç –ø–∏—Å–∞–ª —è:), –∞¬†–Ω–µ¬†chatGPT...–°–∞–º–∞ –≤–∞–∫–∞–Ω—Å–∏—è –±—É–¥–µ—Ç —Å–∫–æ—Ä–æ –ø–µ—Ä–µ–≤–µ–¥–µ–Ω–∞ –≤¬†–∞—Ä—Ö–∏–≤, –ø–æ—ç—Ç–æ–º—É —è –ø—Ä–∏–≤–µ–¥—É –µ–µ –Ω–∏–∂–µ, —á—Ç–æ–±—ã –≤—ã –ø–æ–Ω–∏–º–∞–ª–∏ –∫–æ–≥–æ –º—ã –∏—Å–∫–∞–ª–∏. –ù–∏–∫–∞–∫–∏—Ö –æ—Å–æ–±—ã—Ö —Ç—Ä–µ–±–æ–≤–∞–Ω–∏–π –∫¬†–∫–∞–Ω–¥–∏–¥–∞—Ç—É –º—ã –Ω–µ¬†–≤—ã–¥–≤–∏–≥–∞–ª–∏¬†‚Äî —Ö–æ—Ä–æ—à–∏–µ –∫–æ–º–º—É–Ω–∏–∫–∞—Ç–∏–≤–Ω—ã–µ –Ω–∞–≤—ã–∫–∏, –±–∞–∑–æ–≤—ã–µ –∑–Ω–∞–Ω–∏—è –≤¬†–ò–¢, —É–º–µ–Ω–∏–µ —Ä–∞–±–æ—Ç–∞—Ç—å –≤¬†–∫–æ–º–∞–Ω–¥–µ.",–ë–ª–æ–≥ –∫–æ–º–ø–∞–Ω–∏–∏ offlineCRM: –ë–µ—Å–ø–ª–∞—Ç–Ω–∞—è CRM –¥–ª—è —Å–∞–º–æ–∑–∞–Ω—è—Ç—ã—Ö –£–ø—Ä–∞–≤–ª–µ–Ω–∏–µ –ø—Ä–æ–µ–∫—Ç–∞–º–∏ *–£–ø—Ä–∞–≤–ª–µ–Ω–∏–µ –ø–µ—Ä—Å–æ–Ω–∞–ª–æ–º *–ö–∞—Ä—å–µ—Ä–∞ –≤ IT-–∏–Ω–¥—É—Å—Ç—Ä–∏–∏
"2023-03-01, 17:08","–ü—Ä–æ–≥—Ä–∞–º–º–∞ –¥–ª—è –º–∞–≥–∞–∑–∏–Ω–∞ –Ω–∞ Android, —á. 2 ‚Äî –ù–∞—Ç–∏–≤–∞—Ç–æ—Ä –ö–∞—Å—Å–∞","–ß–µ–º –∫–∞—Å—Å–æ–≤—ã–µ —Ä–µ—à–µ–Ω–∏—è –Ω–∞ Android –ª—É—á—à–µ —Ç—Ä–∞–¥–∏—Ü–∏–æ–Ω–Ω—ã—Ö, –µ—Å—Ç—å –ª–∏ —É –∫–∞—Å—Å–æ–≤—ã—Ö —Ä–µ—à–µ–Ω–∏–π –Ω–∞ –æ—Å–Ω–æ–≤–µ –ø–ª–∞–Ω—à–µ—Ç–æ–≤ –±—É–¥—É—â–µ–µ, –ø—Ä–∏–º–µ–Ω–∏–º—ã –ª–∏ –æ–Ω–∏ –≤ –±–æ–ª—å—à–∏—Ö —Ç–æ—Ä–≥–æ–≤—ã—Ö —Å–µ—Ç—è—Ö. –ö–∞–∫–∏–µ —Ç—Ä–µ–±–æ–≤–∞–Ω–∏—è –∫ —Ç–∞–∫–æ–º—É —Å–æ—Ñ—Ç—É –º–æ–≥—É—Ç –±—ã—Ç—å –≤ 2023 –≥–æ–¥—É. –ò—Å—Ç–æ—Ä–∏—è –æ —Ç–æ–º, –∫–∞–∫ –º—ã —Å–æ–∑–¥–∞–≤–∞–ª–∏ –º–æ–±–∏–ª—å–Ω–æ–µ –ø—Ä–∏–ª–æ–∂–µ–Ω–∏–µ –Ω–∞ Android –¥–ª—è —Ä–∞–±–æ—á–µ–≥–æ –º–µ—Å—Ç–∞ –∫–∞—Å—Å–∏—Ä–∞",–†–∞–∑—Ä–∞–±–æ—Ç–∫–∞ –º–æ–±–∏–ª—å–Ω—ã—Ö –ø—Ä–∏–ª–æ–∂–µ–Ω–∏–π *SaaS / S+S *–†–∞–∑–≤–∏—Ç–∏–µ —Å—Ç–∞—Ä—Ç–∞–ø–∞
"2023-03-01, 17:01",–í–∞—Ä–∏–∞–Ω—Ç —Ä–µ–∞–ª–∏–∑–∞—Ü–∏–∏ DSL (domain-specific language) —Å –ø–æ–º–æ—â—å—é –º–∞–∫—Ä–æ—Å–æ–≤,"–ë–ª–∏–∑–∏—Ç—Å—è —Ä–µ–ª–∏–∑ —è–∑—ã–∫–∞ NewLang —Å –ø—Ä–∏–Ω—Ü–∏–ø–∏–∞–ª—å–Ω–æ–π –Ω–æ–≤–æ–π ¬´—Ñ–∏—à–∫–æ–π¬ª, –ø–µ—Ä–µ–¥–µ–ª–∞–Ω–Ω—ã–º –≤–∞—Ä–∏–∞–Ω—Ç–æ–º –ø—Ä–µ–ø—Ä–æ—Ü–µ—Å—Å–æ—Ä–∞, –∫–æ—Ç–æ—Ä—ã–π –ø–æ–∑–≤–æ–ª—è–µ—Ç —Ä–∞—Å—à–∏—Ä—è—Ç—å —Å–∏–Ω—Ç–∞–∫—Å–∏—Å–∞ —è–∑—ã–∫–∞ –¥–ª—è —Å–æ–∑–¥–∞–Ω–∏—è —Ä–∞–∑–ª–∏—á–Ω—ã—Ö –¥–∏–∞–ª–µ–∫—Ç–æ–≤ DSL –∑–∞ —Å—á–µ—Ç –º–∞–∫—Ä–æ—Å–æ–≤.
–ò, –∫–∞–∫ –≤—Å–µ–≥–¥–∞, –∏—Å–ø–æ–ª—å–∑—É—è —Ä–∞–Ω–µ–µ –Ω–∞–π–¥–µ–Ω–Ω—ã–π –ª–∞–π—Ñ—Ö–∞–∫ –•–∞–±—Ä ‚Äî —É–º–∞ –ø–∞–ª–∞—Ç–∞, —Ö–æ—Ç–µ–ª–æ—Å—å –±—ã –ø–æ–ª—É—á–∏—Ç—å –æ—Ç —á–∏—Ç–∞—Ç–µ–ª–µ–π –æ–±—Ä–∞—Ç–Ω—É—é —Å–≤—è–∑—å –Ω–∞—Å—á–µ—Ç –ø—Ä–µ–¥–ª–∞–≥–∞–µ–º–æ–≥–æ –Ω–∏–∂–µ –ø–æ–¥—Ö–æ–¥–∞, –∫–æ—Ç–æ—Ä—ã–π –ø–ª–∞–Ω–∏—Ä—É–µ—Ç—Å—è –∫ —Ä–µ–∞–ª–∏–∑–∞—Ü–∏–∏ –≤ –Ω–æ–≤–æ–º –ø—Ä–µ–ø—Ä–æ—Ü–µ—Å—Å–æ—Ä–µ NewLang.
–û —á–µ–º –∏–¥–µ—Ç —Ä–µ—á—å?
DSL (–ü—Ä–µ–¥–º–µ—Ç–Ω–æ-–æ—Ä–∏–µ–Ω—Ç–∏—Ä–æ–≤–∞–Ω–Ω—ã–π —è–∑—ã–∫) ‚Äî —è–∑—ã–∫ –ø—Ä–æ–≥—Ä–∞–º–º–∏—Ä–æ–≤–∞–Ω–∏—è, —Å–ø–µ—Ü–∏–∞–ª–∏–∑–∏—Ä–æ–≤–∞–Ω–Ω—ã–π –¥–ª—è –∫–æ–Ω–∫—Ä–µ—Ç–Ω–æ–π –æ–±–ª–∞—Å—Ç–∏ –ø—Ä–∏–º–µ–Ω–µ–Ω–∏—è. –°—á–∏—Ç–∞–µ—Ç—Å—è, —á—Ç–æ –∏—Å–ø–æ–ª—å–∑–æ–≤–∞–Ω–∏–µ DSL —Å—É—â–µ—Å—Ç–≤–µ–Ω–Ω–æ –ø–æ–≤—ã—à–∞–µ—Ç —É—Ä–æ–≤–µ–Ω—å –∞–±—Å—Ç—Ä–∞–∫—Ç–Ω–æ—Å—Ç–∏ –∫–æ–¥–∞, –∞ —ç—Ç–æ –ø–æ–∑–≤–æ–ª—è–µ—Ç –≤–µ—Å—Ç–∏ —Ä–∞–∑—Ä–∞–±–æ—Ç–∫—É –±–æ–ª–µ–µ –±—ã—Å—Ç—Ä–æ –∏ —ç—Ñ—Ñ–µ–∫—Ç–∏–≤–Ω–æ –∏ —Å—É—â–µ—Å—Ç–≤–µ–Ω–Ω–æ —É–ø—Ä–æ—â–∞–µ—Ç —Ä–µ—à–µ–Ω–∏–µ –º–Ω–æ–≥–∏—Ö –∑–∞–¥–∞—á.
–£—Å–ª–æ–≤–Ω–æ, –º–æ–∂–Ω–æ –≤—ã–¥–µ–ª–∏—Ç—å –¥–≤–∞ –ø–æ–¥—Ö–æ–¥–∞ –∫ —Ä–µ–∞–ª–∏–∑–∞—Ü–∏–∏ DSL:

–†–∞–∑—Ä–∞–±–æ—Ç–∫–∞ –Ω–µ–∑–∞–≤–∏—Å–∏–º—ã—Ö —Ç—Ä–∞–Ω—Å–ª—è—Ç–æ—Ä–æ–≤ —Å–∏–Ω—Ç–∞–∫—Å–∏—Å–∞ —Å –ø–æ–º–æ—â—å—é –≥–µ–Ω–µ—Ä–∞—Ç–æ—Ä–æ–≤ –ª–µ–∫—Å–µ—Ä–æ–≤ –∏ –ø–∞—Ä—Å–µ—Ä–æ–≤ –¥–ª—è –æ–ø—Ä–µ–¥–µ–ª–µ–Ω–∏—è –≥—Ä–∞–º–º–∞—Ç–∏–∫–∏ —Ü–µ–ª–µ–≤–æ–≥–æ —è–∑—ã–∫–∞ –ø–æ—Å—Ä–µ–¥—Å—Ç–≤–æ–º –ë–ù–§ –∏ —Ä–µ–≥—É–ª—è—Ä–Ω—ã—Ö –≤—ã—Ä–∞–∂–µ–Ω–∏–π (Lex, Yacc, ANTLR –∏ —Ç.¬†–¥.) –∏ –ø–æ—Å–ª–µ–¥—É—é—â–µ–π –∫–æ–º–ø–∏–ª—è—Ü–∏–µ–π –ø–æ–ª—É—á–µ–Ω–Ω–æ–π –≥—Ä–∞–º–º–∞—Ç–∏–∫–∏ –≤ –º–∞—à–∏–Ω–Ω—ã–π –∫–æ–¥.
–†–∞–∑—Ä–∞–±–æ—Ç–∫–∞ –∏–ª–∏ –≤—Å—Ç—Ä–∞–∏–≤–∞–Ω–∏–µ –¥–∏–∞–ª–µ–∫—Ç–∞ DSL –Ω–∞ —è–∑—ã–∫–µ (–º–µ—Ç–∞—è–∑—ã–∫–µ) –æ–±—â–µ–≥–æ –Ω–∞–∑–Ω–∞—á–µ–Ω–∏—è, –≤ —Ç–æ–º —á–∏—Å–ª–µ –∑–∞ —Å—á–µ—Ç –ø—Ä–∏–º–µ–Ω–µ–Ω–∏—è —Ä–∞–∑–ª–∏—á–Ω—ã—Ö –±–∏–±–ª–∏–æ—Ç–µ–∫ –∏–ª–∏ —Å–ø–µ—Ü–∏–∞–ª—å–Ω—ã—Ö –ø–∞—Ä—Å–µ—Ä–æ–≤ / –ø—Ä–µ–ø—Ä–æ—Ü–µ—Å—Å–æ—Ä–æ–≤.

–î–∞–ª–µ–µ —Ä–µ—á—å –ø–æ–π–¥–µ—Ç –æ –≤—Ç–æ—Ä–æ–º –≤–∞—Ä–∏–∞–Ω—Ç–µ, –∞ –∏–º–µ–Ω–Ω–æ, –æ —Ä–µ–∞–ª–∏–∑–∞—Ü–∏–∏ DSL –Ω–∞ –±–∞–∑–µ —è–∑—ã–∫–æ–≤ (–º–µ—Ç–∞—è–∑—ã–∫–æ–≤) –æ–±—â–µ–≥–æ –Ω–∞–∑–Ω–∞—á–µ–Ω–∏—è –∏ –Ω–æ–≤–æ–º –≤–∞—Ä–∏–∞–Ω—Ç–µ —Ä–µ–∞–ª–∏–∑–∞—Ü–∏–∏ –º–∞–∫—Ä–æ—Å–æ–≤ –≤ NewLang –∫–∞–∫ –æ—Å–Ω–æ–≤—ã –¥–ª—è —Ä–∞–∑—Ä–∞–±–æ—Ç–∫–∏ DSL.",–ë–ª–æ–≥ –∫–æ–º–ø–∞–Ω–∏–∏ Timeweb Cloud –ù–µ–Ω–æ—Ä–º–∞–ª—å–Ω–æ–µ –ø—Ä–æ–≥—Ä–∞–º–º–∏—Ä–æ–≤–∞–Ω–∏–µ *–ü—Ä–æ–≥—Ä–∞–º–º–∏—Ä–æ–≤–∞–Ω–∏–µ *–°–æ–≤–µ—Ä—à–µ–Ω–Ω—ã–π –∫–æ–¥ *–ö–æ–º–ø–∏–ª—è—Ç–æ—Ä—ã *
"2023-03-01, 16:58",–¢–µ—Ö–Ω–∏—á–µ—Å–∫–∏–π –¥–æ–ª–≥. –ö–∞–∫ –Ω–µ –æ–±–∞–Ω–∫—Ä–æ—Ç–∏—Ç—å—Å—è,"–ü—Ä–∏–≤–µ—Ç, –•–∞–±—Ä!  –•–æ—Ç–µ–ª –±—ã –ø–æ–¥–µ–ª–∏—Ç—å—Å—è —Å –≤–∞–º–∏ —Å–≤–æ–∏–º –∞–Ω–∞–ª–∏–∑–æ–º —Ä–∞–±–æ—Ç—ã —Å —Ç–µ—Ö–Ω–∏—á–µ—Å–∫–∏–º –¥–æ–ª–≥–æ–º.–ö–∞–∫ –ø–æ—è–≤–∏–ª—Å—è —ç—Ç–æ—Ç –¥–æ–ª–≥? –ú—ã –µ–≥–æ¬†–≤–∑—è–ª–∏ —á—Ç–æ¬†–±—ã –ø–æ—Å—Ç–∞–≤–∏—Ç—å –∑–∞–∫–∞–∑—á–∏–∫—É —Ñ—É–Ω–∫—Ü–∏–æ–Ω–∞–ª —Ä–∞–Ω—å—à–µ, —á–µ–º –º—ã¬†–±—ã —Å–º–æ–≥–ª–∏, –µ—Å–ª–∏¬†–±—ã –Ω–µ ¬´–∑–∞–Ω—è–ª–∏¬ª. –¢–∞–∫¬†–∂–µ –∫–∞–∫¬†–±–∏–∑–Ω–µ—Å–º–µ–Ω –±–µ—Ä–µ—Ç –∫—Ä–µ–¥–∏—Ç –¥–ª—è¬†—Å–≤–æ–µ–π –±–∏–∑–Ω–µ—Å –∏–¥–µ–∏.üí° –≠–∫—Å—Ç—Ä–µ–º–∞–ª—å–Ω–æ–µ –ø—Ä–æ–≥—Ä–∞–º–º–∏—Ä–æ–≤–∞–Ω–∏–µ¬†‚Äî —ç—Ç–æ –ø—Ä–∏–º–µ—Ä —Ä–∞–∑—Ä–∞–±–æ—Ç–∫–∏ —Å¬†–∫—Ä–µ–¥–∏—Ç–æ–º",–ü—Ä–æ–≥—Ä–∞–º–º–∏—Ä–æ–≤–∞–Ω–∏–µ *–ü—Ä–æ–µ–∫—Ç–∏—Ä–æ–≤–∞–Ω–∏–µ –∏ —Ä–µ—Ñ–∞–∫—Ç–æ—Ä–∏–Ω–≥ *–£–ø—Ä–∞–≤–ª–µ–Ω–∏–µ –ø—Ä–æ–µ–∫—Ç–∞–º–∏ *
"2023-03-01, 16:37","–û–±–∑–æ—Ä —Å–µ—Ä–≤–∏—Å–æ–≤ –≤–Ω–µ—à–Ω–µ–π –∞–Ω–∞–ª–∏—Ç–∏–∫–∏ –º–∞—Ä–∫–µ—Ç–ø–ª–µ–π—Å–æ–≤ 2023 –≥–æ–¥–∞: –±–µ—Å–ø–ª–∞—Ç–Ω—ã–µ, –ø–ª–∞—Ç–Ω—ã–µ, —á—Ç–æ —É–º–µ—é—Ç –∏ –Ω–µ —É–º–µ—é—Ç, –∫–∞–∫–æ–π –≤—ã–±—Ä–∞—Ç—å","–≠—Ç–æ –Ω–µ —Ä–µ–π—Ç–∏–Ω–≥ Forbes –∏–∑ —Ä–∞–∑—Ä—è–¥–∞ ‚Äú–∫—Ç–æ –±–æ–ª—å—à–µ –∑–∞—Ä–∞–±–∞—Ç—ã–≤–∞–µ—Ç –Ω–∞ –º–∞—Ä–∫–µ—Ç–ø–ª–µ–π—Å–∞—Ö‚Äù. –≠—Ç–æ —Å—Ä–µ–∑ —Ä—ã–Ω–∫–∞, –≤ –∫–æ—Ç–æ—Ä–æ–º —Ä–∞–±–æ—Ç–∞–µ–º –∏ –º—ã —Å–∞–º–∏. –¢—Ä–µ—Ç–∏–π –≥–æ–¥ –ø–æ–¥—Ä—è–¥ –Ω–∞—à–∞ –∫–æ–º–∞–Ω–¥–∞ –¥–µ–ª–∞–µ—Ç –æ–±–∑–æ—Ä —Å–µ—Ä–≤–∏—Å–æ–≤ –≤–Ω–µ—à–Ω–µ–π –∞–Ω–∞–ª–∏—Ç–∏–∫–∏ –º–∞—Ä–∫–µ—Ç–ø–ª–µ–π—Å–æ–≤. –î–ª—è –Ω–∞—á–∏–Ω–∞—é—â–∏—Ö –∏ –æ–ø—ã—Ç–Ω—ã—Ö —Å–µ–ª–ª–µ—Ä–æ–≤, –ø–æ—Å—Ç–∞–≤—â–∏–∫–æ–≤, –º–∞—Ä–∫–µ—Ç–æ–ª–æ–≥–æ–≤, –∞–Ω–∞–ª–∏—Ç–∏–∫–æ–≤. –ú—ã —Å—Ç–∞—Ä–∞–ª–∏—Å—å, —á—Ç–æ–±—ã —Å—Ç–∞—Ç—å—è, –≤ –ø–µ—Ä–≤—É—é –æ—á–µ—Ä–µ–¥—å, –æ–∫–∞–∑–∞–ª–∞—Å—å –ø–æ–ª–µ–∑–Ω–∞ —Ç–µ–º, –∫—Ç–æ –µ—â–µ –∏—â–µ—Ç —Å–≤–æ–π —Å–µ—Ä–≤–∏—Å –≤–Ω–µ—à–Ω–µ–π –∞–Ω–∞–ª–∏—Ç–∏–∫–∏ –º–∞—Ä–∫–µ—Ç–ø–ª–µ–π—Å–æ–≤, –æ–ø—Ç–∏–º–∞–ª—å–Ω—ã–π –ø–æ —Ü–µ–Ω–µ-–∫–∞—á–µ—Å—Ç–≤—É. –ù–µ –∏—Å–∫–ª—é—á–µ–Ω–æ, —á—Ç–æ –∫—Ç–æ-—Ç–æ –∏ –≤–æ–≤—Å–µ –Ω–µ –≤–∏–¥–∏—Ç –Ω–∞–¥–æ–±–Ω–æ—Å—Ç–∏ –≤ —Å–µ—Ä–≤–∏—Å–∞—Ö –≤–Ω–µ—à–Ω–µ–π –∞–Ω–∞–ª–∏—Ç–∏–∫–∏ –∏ —Å—á–∏—Ç–∞–µ—Ç, —á—Ç–æ —É—Å–ø–µ—à–Ω–æ –ø—Ä–æ–¥–∞–≤–∞—Ç—å –Ω–∞ –º–∞—Ä–∫–µ—Ç–ø–ª–µ–π—Å–∞—Ö –º–æ–∂–Ω–æ –∏ –±–µ–∑ –Ω–∏—Ö. –ú–æ–∂–Ω–æ. –ù–æ —ç—Ç–æ, —Å–ª–æ–≤–Ω–æ —Ö–æ–¥–∏—Ç—å –ø–æ —É–ª–∏—Ü–µ —Å –∑–∞–∫—Ä—ã—Ç—ã–º–∏ –≥–ª–∞–∑–∞–º–∏. –ë–æ–ª—å—à–∞—è –≤–µ—Ä–æ—è—Ç–Ω–æ—Å—Ç—å, —á—Ç–æ –Ω–µ —Ç—É–¥–∞ –ø—Ä–∏–¥–µ—Ç–µ. –ï—Å–ª–∏ –≤—ã –≤—Å–µ –∂–µ —á—É–≤—Å—Ç–≤—É–µ—Ç–µ –ø–æ—Ç—Ä–µ–±–Ω–æ—Å—Ç—å, —á—Ç–æ –¥–ª—è –≤—ã–≤–æ–¥–∞ –Ω–æ–≤–æ–≥–æ —Ç–æ–≤–∞—Ä–∞, —É–≤–µ–ª–∏—á–µ–Ω–∏—è –æ–±—ä–µ–º–æ–≤ –ø—Ä–æ–¥–∞–∂ –∏ –≤—ã—Ä—É—á–∫–∏, –º–∞—Å—à—Ç–∞–±–∏—Ä–æ–≤–∞–Ω–∏—è –±–∏–∑–Ω–µ—Å–∞, –≤–∞–º –ø—Ä–æ—Å—Ç–æ –Ω–µ–æ–±—Ö–æ–¥–∏–º–æ —Å–ª–µ–¥–∏—Ç—å –∑–∞ —á—É–∂–∏–º–∏ –ø–æ–∫–∞–∑–∞—Ç–µ–ª—è–º–∏ –∏ –±—ã—Ç—å –≤ –∫—É—Ä—Å–µ, —á—Ç–æ —Ö–æ—Ä–æ—à–æ, –∞ —á—Ç–æ –ø–ª–æ—Ö–æ –ø—Ä–æ–¥–∞–µ—Ç—Å—è –Ω–∞ –º–∞—Ä–∫–µ—Ç–ø–ª–µ–π—Å–∞—Ö, —Ç–æ–≥–¥–∞ –º–æ–∂–µ—Ç–µ –ø–æ—Ç–µ—Å—Ç–∏—Ç—å —Å–µ—Ä–≤–∏—Å –≤–Ω–µ—à–Ω–µ–π –∞–Ω–∞–ª–∏—Ç–∏–∫–∏. –ö–∞–∫–æ–π? –í—ã–±–∏—Ä–∞–π—Ç–µ, –∫–∞–∫–∏–µ –∫—Ä–∏—Ç–µ—Ä–∏–∏ –¥–ª—è –≤–∞—Å –æ—Å–æ–±–µ–Ω–Ω–æ –≤–∞–∂–Ω—ã –∏ –¥–µ–ª–∞–π—Ç–µ –≤—ã–≤–æ–¥—ã.",API *–†–∞–∑—Ä–∞–±–æ—Ç–∫–∞ –ø–æ–¥ e-commerce *–£–ø—Ä–∞–≤–ª–µ–Ω–∏–µ e-commerce *–£–ø—Ä–∞–≤–ª–µ–Ω–∏–µ –ø—Ä–æ–¥–∞–∂–∞–º–∏ *
"2023-03-01, 16:27",–ö–∞–∫ –º–æ—Ç–∏–≤–∏—Ä–æ–≤–∞—Ç—å –∫–æ–º–∞–Ω–¥—É: –æ—Å–Ω–æ–≤–Ω—ã–µ –ø—Ä–∞–≤–∏–ª–∞ –∏ –ø—Ä–∏–Ω—Ü–∏–ø—ã,"–ü—Ä–∏–≤–µ—Ç, –•–∞–±—Ä! –ú–µ–Ω—è –∑–æ–≤—É—Ç –°–∞—à–∞ –®—É—Ç–∞–π,¬† —è —Ä—É–∫–æ–≤–æ–¥–∏—Ç–µ–ª—å PHP –Ω–∞–ø—Ä–∞–≤–ª–µ–Ω–∏—è –≤ AGIMA. –ü–µ—Ä–≤—É—é –∫–æ–º–∞–Ω–¥—É –º–Ω–µ –¥–æ–≤–µ—Ä–∏–ª–∏ –≤ 2019 –≥–æ–¥—É. –ó–∞ —ç—Ç–æ –≤—Ä–µ–º—è —è —É—Å–ø–µ–ª –Ω–∞–±—Ä–∞—Ç—å—Å—è –æ–ø—ã—Ç–∞ –∏ –ø–æ–Ω—è—Ç—å –Ω–µ–∫–æ—Ç–æ—Ä—ã–µ –º–æ–º–µ–Ω—Ç—ã. –û–¥–∏–Ω –∏–∑ –Ω–∏—Ö ‚Äî –≤–∞–∂–Ω–æ—Å—Ç—å –º–æ—Ç–∏–≤–∞—Ü–∏–∏. –†—É–∫–æ–≤–æ–¥–∏—Ç–µ–ª—å –Ω–µ –≤—Å–µ–≥–¥–∞ –∑–∞–¥—É–º—ã–≤–∞–µ—Ç—Å—è, —Ä–∞–¥–∏ —á–µ–≥–æ –≤–æ–æ–±—â–µ —É—á–∞—Å—Ç–Ω–∏–∫–∏ –µ–≥–æ –∫–æ–º–∞–Ω–¥—ã –∫–∞–∂–¥—ã–π –¥–µ–Ω—å –ø—Ä–∏—Ö–æ–¥—è—Ç –Ω–∞ —Ä–∞–±–æ—Ç—É. –ê –º–µ–∂–¥—É —Ç–µ–º, –∏–º–µ–Ω–Ω–æ –≤ —ç—Ç–æ–º –≤–æ–ø—Ä–æ—Å–µ –ª–µ–∂–∏—Ç –∫–ª—é—á –∫ –ø—Ä–æ–¥—É–∫—Ç–∏–≤–Ω–æ—Å—Ç–∏. –ß—Ç–æ–±—ã —Å–¥–µ–ª–∞—Ç—å –∫—Ä—É—Ç–æ–π –ø—Ä–æ–¥—É–∫—Ç, –Ω—É–∂–Ω–∞ –∫—Ä—É—Ç–∞—è –∑–∞–º–æ—Ç–∏–≤–∏—Ä–æ–≤–∞–Ω–Ω–∞—è –∫–æ–º–∞–Ω–¥–∞. –í —ç—Ç–æ–π —Å—Ç–∞—Ç—å–µ —Ä–∞—Å—Å–∫–∞–∑—ã–≤–∞—é, –∫–∞–∫ —ç—Ç–æ —É—Å—Ç—Ä–æ–µ–Ω–æ.",–ë–ª–æ–≥ –∫–æ–º–ø–∞–Ω–∏–∏ AGIMA –£–ø—Ä–∞–≤–ª–µ–Ω–∏–µ —Ä–∞–∑—Ä–∞–±–æ—Ç–∫–æ–π *–£–ø—Ä–∞–≤–ª–µ–Ω–∏–µ –ø—Ä–æ–¥—É–∫—Ç–æ–º *–£–ø—Ä–∞–≤–ª–µ–Ω–∏–µ –ø–µ—Ä—Å–æ–Ω–∞–ª–æ–º *
"2023-03-01, 16:26",Kubernetes Observability: Prometheus and Grafana,"–°–µ–≥–æ–¥–Ω—è –º—ã —É–∑–Ω–∞–µ–º, –∫–∞–∫ –≤ Kubernetes:‚Äì –£—Å—Ç–∞–Ω–æ–≤–∏—Ç—å Prometheus –∏ Grafana.‚Äì –ù–∞—Å—Ç—Ä–æ–∏—Ç—å –∏—Å—Ç–æ—á–Ω–∏–∫ –¥–∞–Ω–Ω—ã—Ö Prometheus –¥–ª—è Grafana.‚Äì –ù–∞—Å—Ç—Ä–æ–∏—Ç—å –ø–∞–Ω–µ–ª—å –∏–Ω—Å—Ç—Ä—É–º–µ–Ω—Ç–æ–≤ –¥–ª—è Grafana.‚Äì –ü–æ–ª—É—á–∏—Ç—å –¥–æ—Å—Ç—É–ø –∫ –≤–µ–±-–∏–Ω—Ç–µ—Ä—Ñ–µ–π—Å—É Grafana.",–ë–ª–æ–≥ –∫–æ–º–ø–∞–Ω–∏–∏ OTUS Kubernetes *
"2023-03-01, 16:21",–ö–∞–∫ —è —Å–¥–µ–ª–∞–ª –º–æ–Ω–∏—Ç–æ—Ä–∏–Ω–≥ –∞—É–∫—Ü–∏–æ–Ω–æ–≤ –∏ —Å–æ–±—Ä–∞–ª –¥–æ–º–µ–Ω—ã –Ω–∞ $12 –º–∏–ª–ª–∏–æ–Ω–æ–≤,"–í SEO –æ—á–µ–Ω—å –≤–∞–∂–Ω–æ –Ω–µ —Å—Ç–æ—è—Ç—å –Ω–∞ –º–µ—Å—Ç–µ –∏ –ø–æ—Å—Ç–æ—è–Ω–Ω–æ –≥–µ–Ω–µ—Ä–∏—Ä–æ–≤–∞—Ç—å –Ω–æ–≤—ã–µ –≥–∏–ø–æ—Ç–µ–∑—ã –∏ –∏–¥–µ–∏. –ù–æ –≥–¥–µ –∏—Ö –≤–∑—è—Ç—å? –ù–µ—Å–∫–æ–ª—å–∫–æ –º–µ—Å—è—Ü–µ–≤ –Ω–∞–∑–∞–¥ —è –ø–æ–¥—É–º–∞–ª, —á—Ç–æ –º–æ–Ω–∏—Ç–æ—Ä–∏–Ω–≥ –¥–æ—Ä–æ–≥–∏—Ö –¥–æ–º–µ–Ω–æ–≤ ‚Äî —ç—Ç–æ —Ö–æ—Ä–æ—à–∏–π –∏—Å—Ç–æ—á–Ω–∏–∫ –∏–Ω—Ç–µ—Ä–µ—Å–Ω—ã—Ö –ø—Ä–æ–µ–∫—Ç–æ–≤, –∫–µ–π—Å–æ–≤ –∏ –∏–Ω—Å–∞–π—Ç–æ–≤. –í–µ–¥—å —Å –≤—ã—Å–æ–∫–æ–π –¥–æ–ª–µ–π –≤–µ—Ä–æ—è—Ç–Ω–æ—Å—Ç–∏ –¥–æ–º–µ–Ω—ã –∑–∞ –Ω–µ—Å–∫–æ–ª—å–∫–æ —Ç—ã—Å—è—á –¥–æ–ª–ª–∞—Ä–æ–≤ –ø–æ–∫—É–ø–∞—é—Ç—Å—è –æ–ø—ã—Ç–Ω—ã–º–∏ –∫–æ–º–∞–Ω–¥–∞–º–∏ –¥–ª—è –∫–æ–Ω–∫—É—Ä–µ–Ω—Ç–Ω—ã—Ö –Ω–∏—à.–£ –º–µ–Ω—è –ø–æ–ª—É—á–∏–ª–æ—Å—å –Ω–∞—Å—Ç—Ä–æ–∏—Ç—å –º–æ–Ω–∏—Ç–æ—Ä–∏–Ω–≥, –∏ –∑–∞ –Ω–µ—Å–∫–æ–ª—å–∫–æ –º–µ—Å—è—Ü–µ–≤ —Å–æ–±—Ä–∞–ª–æ—Å—å –±–æ–ª—å—à–µ –ø—è—Ç–∏ —Ç—ã—Å—è—á –¥–æ–º–µ–Ω–æ–≤ —Å–æ —Å—Ä–µ–¥–Ω–µ–π —Å—Ç–æ–∏–º–æ—Å—Ç—å—é $2173. –¢–∞–∫–æ–≥–æ –∫–æ–ª–∏—á–µ—Å—Ç–≤–∞ –≤–¥–æ—Ö–Ω–æ–≤–µ–Ω–∏—è, –µ—Å–ª–∏ —á–µ—Å—Ç–Ω–æ, —è –Ω–µ –æ–∂–∏–¥–∞–ª üòä. –°–µ–π—á–∞—Å –≤–µ–¥—É —Å–≤–æ–π –¢–ì¬†@seohive, –≥–¥–µ –ø—É–±–ª–∏–∫—É—é –æ–±–∑–æ—Ä—ã –ª—é–±–æ–ø—ã—Ç–Ω—ã—Ö –¥–æ–º–µ–Ω–æ–≤ –∏–∑ –±–∞–∑—ã. –ù–æ –æ–±–æ –≤—Å–µ–º –ø–æ –ø–æ—Ä—è–¥–∫—É.",–ò–Ω—Ç–µ—Ä–Ω–µ—Ç-–º–∞—Ä–∫–µ—Ç–∏–Ω–≥ *–ü–æ–∏—Å–∫–æ–≤–∞—è –æ–ø—Ç–∏–º–∏–∑–∞—Ü–∏—è *
"2023-03-01, 16:00",–†—É–∫–æ–≤–æ–¥—Å—Ç–≤–æ –ø–æ —Ü–≤–µ—Ç–æ–≤—ã–º —Ñ—É–Ω–∫—Ü–∏—è–º CSS,"–í–æ–∑–º–æ–∂–Ω–æ, –≤—ã –∏—Å–ø–æ–ª—å–∑–æ–≤–∞–ª–∏ CSS –¥–ª—è –∏–∑–º–µ–Ω–µ–Ω–∏—è —Ü–≤–µ—Ç–∞ —ç–ª–µ–º–µ–Ω—Ç–∞ –Ω–∞ –≤–µ–±-—Å—Ç—Ä–∞–Ω–∏—Ü–µ, –Ω–æ —Å–ª—ã—à–∞–ª–∏ –ª–∏ –≤—ã —á—Ç–æ-–Ω–∏–±—É–¥—å –æ —Ü–≤–µ—Ç–æ–≤—ã—Ö —Ñ—É–Ω–∫—Ü–∏—è—Ö CSS? –ï—Å–ª–∏ –Ω–µ—Ç, —Ç–æ –∏–∑ —ç—Ç–æ–π —Å—Ç–∞—Ç—å–∏ —É–∑–Ω–∞–µ—Ç–µ –Ω–µ—á—Ç–æ –Ω–æ–≤–æ–µ –∏ –∫—Ä–∞–π–Ω–µ –ø–æ–ª–µ–∑–Ω–æ–µ!

–ß—Ç–æ —Ç–∞–∫–æ–µ —Ü–≤–µ—Ç–æ–≤—ã–µ —Ñ—É–Ω–∫—Ü–∏–∏ CSS?
–¶–≤–µ—Ç–æ–≤—ã–µ —Ñ—É–Ω–∫—Ü–∏–∏ CSS (CSS color functions) ‚Äî —ç—Ç–æ —Å–ø–æ—Å–æ–± –∑–∞–¥–∞–Ω–∏—è —Ü–≤–µ—Ç–∞ –≤ CSS –ø—Ä–∏ –ø–æ–º–æ—â–∏ –º–∞—Ç–µ–º–∞—Ç–∏—á–µ—Å–∫–∏—Ö —Ñ—É–Ω–∫—Ü–∏–π, –∞ –Ω–µ –ø—Ä–æ—Å—Ç–æ–≥–æ –∫–æ–¥–∞ —Ü–≤–µ—Ç–∞. –§—É–Ω–∫—Ü–∏–∏ –æ–±–µ—Å–ø–µ—á–∏–≤–∞—é—Ç –±–æ–ª—å—à–µ –∫–æ–Ω—Ç—Ä–æ–ª—è –∏ –≥–∏–±–∫–æ—Å—Ç–∏ –ø—Ä–∏ —Ä–∞–±–æ—Ç–µ —Å —Ü–≤–µ—Ç–∞–º–∏, –∏—Å–ø–æ–ª—å–∑—É–µ–º—ã–º–∏ –≤ —Ç–∞–±–ª–∏—Ü–µ —Å—Ç–∏–ª–µ–π.

–ü—Ä–∏ –ø–æ–º–æ—â–∏ —Ü–≤–µ—Ç–æ–≤—ã—Ö —Ñ—É–Ω–∫—Ü–∏–π –º–æ–∂–Ω–æ –Ω–∞—Å—Ç—Ä–∞–∏–≤–∞—Ç—å —Ç–æ–Ω (hue), –Ω–∞—Å—ã—â–µ–Ω–Ω–æ—Å—Ç—å (saturation), —Å–≤–µ—Ç–ª–æ—Ç—É (lightness) –∏ –Ω–µ–ø—Ä–æ–∑—Ä–∞—á–Ω–æ—Å—Ç—å (opacity) —Ü–≤–µ—Ç–∞ –∏ –¥–∞–∂–µ —Å–º–µ—à–∏–≤–∞—Ç—å –≤–º–µ—Å—Ç–µ –Ω–µ—Å–∫–æ–ª—å–∫–æ —Ü–≤–µ—Ç–æ–≤.",–ë–ª–æ–≥ –∫–æ–º–ø–∞–Ω–∏–∏ RUVDS.com CSS *HTML *–ì—Ä–∞—Ñ–∏—á–µ—Å–∫–∏–π –¥–∏–∑–∞–π–Ω *–î–∏–∑–∞–π–Ω
"2023-03-01, 15:17",–ö–∞–∫ –∑–∞—â–∏—â–∞—é—Ç –∫–æ–º–ø—å—é—Ç–µ—Ä–Ω—ã–µ –∏–≥—Ä—ã –æ—Ç –ø–∏—Ä–∞—Ç–æ–≤: —Å 80-—Ö –ø–æ –Ω–∞—Å—Ç–æ—è—â–µ–µ –≤—Ä–µ–º—è,"–ü–∏—Ä–∞—Ç—Å—Ç–≤–æ –≤ –∫–æ–º–ø—å—é—Ç–µ—Ä–Ω—ã—Ö –∏–≥—Ä–∞—Ö –±—ã–ª–æ —Å–µ—Ä—å—ë–∑–Ω–æ–π –ø—Ä–æ–±–ª–µ–º–æ–π –¥–ª—è –∏–≥—Ä–æ–≤–æ–π –∏–Ω–¥—É—Å—Ç—Ä–∏–∏ —Å –º–æ–º–µ–Ω—Ç–∞ –µ—ë –∑–∞—Ä–æ–∂–¥–µ–Ω–∏—è. –° –ø–æ—è–≤–ª–µ–Ω–∏–µ–º –ø–µ—Ä—Å–æ–Ω–∞–ª—å–Ω—ã—Ö –∫–æ–º–ø—å—é—Ç–µ—Ä–æ–≤ –∏ –∏–≥—Ä–æ–≤—ã—Ö –∫–æ–Ω—Å–æ–ª–µ–π –≤ 1980-—Ö –∏ 1990-—Ö –≥–æ–¥–∞—Ö –Ω–µ—Å–∞–Ω–∫—Ü–∏–æ–Ω–∏—Ä–æ–≤–∞–Ω–Ω–æ–µ –∫–æ–ø–∏—Ä–æ–≤–∞–Ω–∏–µ –∏ —Ä–∞—Å–ø—Ä–æ—Å—Ç—Ä–∞–Ω–µ–Ω–∏–µ –∫–æ–º–ø—å—é—Ç–µ—Ä–Ω—ã—Ö –∏–≥—Ä —Å—Ç–∞–Ω–æ–≤–∏–ª–æ—Å—å –ø–æ–ø—É–ª—è—Ä–Ω–µ–µ. –≠—Ç–æ –ø—Ä–∏–≤–æ–¥–∏–ª–æ –∫ –ø–æ—Ç–µ—Ä–µ –¥–æ—Ö–æ–¥–æ–≤ —Ä–∞–∑—Ä–∞–±–æ—Ç—á–∏–∫–æ–≤ –∏ –∏–∑–¥–∞—Ç–µ–ª–µ–π –∏–≥—Ä. –í –æ—Ç–≤–µ—Ç –Ω–∞ —ç—Ç–æ —Ä–∞–∑—Ä–∞–±–æ—Ç—á–∏–∫–∏ –∏–≥—Ä –∏ –ò–¢-–∫–æ–º–ø–∞–Ω–∏–∏ –Ω–∞—á–∞–ª–∏ –ø—Ä–∏–Ω–∏–º–∞—Ç—å –º–µ—Ä—ã –ø–æ –∑–∞—â–∏—Ç–µ –æ—Ç –ø–∏—Ä–∞—Ç—Å—Ç–≤–∞.–†–æ—Å—Ç –æ–Ω–ª–∞–π–Ω-–∏–≥—Ä –≤ 2000-—Ö –≥–æ–¥–∞—Ö –ø—Ä–∏–≤—ë–ª –∫ –ø–æ—è–≤–ª–µ–Ω–∏—é –Ω–æ–≤—ã—Ö –ø—Ä–æ–±–ª–µ–º —Å —Ç–æ—á–∫–∏ –∑—Ä–µ–Ω–∏—è –∑–∞—â–∏—Ç—ã –∫–æ–º–ø—å—é—Ç–µ—Ä–Ω—ã—Ö –∏–≥—Ä –æ—Ç –ø–∏—Ä–∞—Ç—Å—Ç–≤–∞. Steam –∏ —Ä–∞–∑–≤–∏—Ç–∏–µ –∏–Ω—Ç–µ—Ä–Ω–µ—Ç–∞ –æ–±–ª–µ–≥—á–∏–ª–∏ –ø–∏—Ä–∞—Ç–∞–º –Ω–µ–∑–∞–∫–æ–Ω–Ω–æ–µ —Ä–∞—Å–ø—Ä–æ—Å—Ç—Ä–∞–Ω–µ–Ω–∏–µ –∏–≥—Ä. –í –æ—Ç–≤–µ—Ç –Ω–∞ —ç—Ç–æ IT-–∫–æ–º–ø–∞–Ω–∏–∏ –∏ —Ä–∞–∑—Ä–∞–±–æ—Ç—á–∏–∫–∏ –∏–≥—Ä –ø—Ä–æ–¥–æ–ª–∂–∞–ª–∏ —Å–æ–∑–¥–∞–≤–∞—Ç—å –Ω–æ–≤—ã–µ –º–µ—Ç–æ–¥—ã –∑–∞—â–∏—Ç—ã —Å–≤–æ–∏—Ö –∏–≥—Ä, –≤–∫–ª—é—á–∞—è —Ç–µ—Ö–Ω–æ–ª–æ–≥–∏—é —É–ø—Ä–∞–≤–ª–µ–Ω–∏—è —Ü–∏—Ñ—Ä–æ–≤—ã–º–∏ –ø—Ä–∞–≤–∞–º–∏ (DRM) –∏ –∞–Ω—Ç–∏–ø–∏—Ä–∞—Ç—Å–∫–æ–µ –ø—Ä–æ–≥—Ä–∞–º–º–Ω–æ–µ –æ–±–µ—Å–ø–µ—á–µ–Ω–∏–µ. –ù–µ—Å–º–æ—Ç—Ä—è –Ω–∞ —ç—Ç–∏ —É—Å–∏–ª–∏—è, –ø—Ä–æ–±–ª–µ–º–∞ –ø–∏—Ä–∞—Ç—Å—Ç–≤–∞ –∫–æ–º–ø—å—é—Ç–µ—Ä–Ω—ã—Ö –∏–≥—Ä –æ—Å—Ç–∞—ë—Ç—Å—è –∞–∫—Ç—É–∞–ª—å–Ω–æ–π –¥–ª—è –∏–Ω–¥—É—Å—Ç—Ä–∏–∏. –†–∞–∑–≤–∏—Ç–∏–µ —Ç–µ—Ö–Ω–æ–ª–æ–≥–∏–π –∏ –Ω–æ–≤—ã—Ö –∏–≥—Ä–æ–≤—ã—Ö –ø–ª–∞—Ç—Ñ–æ—Ä–º —Ç—Ä–µ–±–æ–≤–∞–ª–æ –∏ –æ—Ç –ø–∏—Ä–∞—Ç–æ–≤ –ø—Ä–∏–¥—É–º—ã–≤–∞—Ç—å –Ω–æ–≤—ã–µ —Å–ø–æ—Å–æ–±—ã –æ–±—Ö–æ–¥–∞ –æ–≥—Ä–∞–Ω–∏—á–µ–Ω–∏–π.",–ë–ª–æ–≥ –∫–æ–º–ø–∞–Ω–∏–∏ FirstVDS –†–∞–∑—Ä–∞–±–æ—Ç–∫–∞ –∏–≥—Ä *–ó–∞–∫–æ–Ω–æ–¥–∞—Ç–µ–ª—å—Å—Ç–≤–æ –≤ IT –ö–æ–ø–∏—Ä–∞–π—Ç –ò–≥—Ä—ã –∏ –∏–≥—Ä–æ–≤—ã–µ –∫–æ–Ω—Å–æ–ª–∏
"2023-03-01, 15:14",6 –∫–Ω–∏–≥ –ø–æ MySQL –¥–ª—è —Å—Ç–∞—Ä—Ç–∞ —Ä–∞–±–æ—Ç—ã –∏ –ø–æ–≥—Ä—É–∂–µ–Ω–∏—è –≤ —Ç–µ—Ö–Ω–æ–ª–æ–≥–∏—é,"MySQL ‚Äî —Ä–µ–ª—è—Ü–∏–æ–Ω–Ω–∞—è –°–£–ë–î, –∏—Å–ø–æ–ª—å–∑—É—é—â–∞—è –¥–µ–∫–ª–∞—Ä–∞—Ç–∏–≤–Ω—ã–π —è–∑—ã–∫ –ø—Ä–æ–≥—Ä–∞–º–º–∏—Ä–æ–≤–∞–Ω–∏—è SQL. –û–Ω–∞ –ø—Ä–µ–¥–ª–∞–≥–∞–µ—Ç –≤—Å–µ –Ω–µ–æ–±—Ö–æ–¥–∏–º—ã–µ –≤–æ–∑–º–æ–∂–Ω–æ—Å—Ç–∏ –¥–ª—è —Å–æ–∑–¥–∞–Ω–∏—è –±–∞–∑ –¥–∞–Ω–Ω—ã—Ö –∏ –Ω–∞–ø–∏—Å–∞–Ω–∏—è —Å–µ—Ä–≤–µ—Ä–Ω—ã—Ö –ø—Ä–∏–ª–æ–∂–µ–Ω–∏–π.

–í –Ω–∞—à–µ–π –ø–æ–¥–±–æ—Ä–∫–µ ‚Äî 6 –∫–Ω–∏–≥ –ø–æ MySQL, –∫–æ—Ç–æ—Ä—ã–µ –±—É–¥—É—Ç –ø–æ–ª–µ–∑–Ω—ã –∫–∞–∫ –Ω–∞ —Å—Ç–∞—Ä—Ç–µ, —Ç–∞–∫ –∏ –¥–ª—è —Ä–∞–∑–≤–∏—Ç–∏—è –Ω–∞–≤—ã–∫–æ–≤. –†–µ–∫–æ–º–µ–Ω–¥—É–π—Ç–µ —Å–≤–æ–∏ –∫–Ω–∏–≥–∏ –≤ –∫–æ–º–º–µ–Ω—Ç–∞—Ä–∏—è—Ö!",–ë–ª–æ–≥ –∫–æ–º–ø–∞–Ω–∏–∏ Selectel MySQL *–ê–¥–º–∏–Ω–∏—Å—Ç—Ä–∏—Ä–æ–≤–∞–Ω–∏–µ –±–∞–∑ –¥–∞–Ω–Ω—ã—Ö *–ü—Ä–æ—Ñ–µ—Å—Å–∏–æ–Ω–∞–ª—å–Ω–∞—è –ª–∏—Ç–µ—Ä–∞—Ç—É—Ä–∞ *
"2023-03-01, 14:51",–ù–æ–≤–∞—è –≥–æ—Ä—è—á–∞—è –ø—Ä–æ—Ñ–µ—Å—Å–∏—è –¥–ª—è —Ä–∞–∑—Ä–∞–±–æ—Ç—á–∏–∫–æ–≤: ¬´–≥–æ–≤–æ—Ä—è—â–∏–π¬ª —Å –ò–ò. –ö–∞–∫ –ø–æ–ª—É—á–∞—Ç—å $330 —Ç—ã—Å—è—á –±–µ–∑ –∑–Ω–∞–Ω–∏—è –∫–æ–¥–∞,"–í–∞–º —É–∂–µ –ø—Ä–æ–¥–∞—é—Ç —Ç–æ, –∫–∞–∫ –Ω–∞ —ç—Ç–æ–º –º–æ–∂–Ω–æ –∑–∞—Ä–∞–±–æ—Ç–∞—Ç—å. –ò —Å–∞–º–æ–µ —É–¥–∏–≤–∏—Ç–µ–ª—å–Ω–æ–µ ‚Äî –æ–Ω–∏ –ø—Ä–∞–≤—ã

¬´Prompt-–∏–Ω–∂–µ–Ω–µ—Ä–æ–≤¬ª –Ω–∞–Ω–∏–º–∞—é—Ç –∑–∞ –∏—Ö —É–º–µ–Ω–∏–µ –∑–∞—Å—Ç–∞–≤–∏—Ç—å —Å–∏—Å—Ç–µ–º—ã –ò–ò –≤—ã–¥–∞–≤–∞—Ç—å –∏–º–µ–Ω–Ω–æ —Ç–æ, —á—Ç–æ —Ç—Ä–µ–±—É–µ—Ç—Å—è. –≠—Ç–æ –Ω–æ–≤–∞—è –∫–∞—Ç–µ–≥–æ—Ä–∏—è ¬´—Ä–∞–∑—Ä–∞–±–æ—Ç—á–∏–∫–æ–≤¬ª, –∫–æ—Ç–æ—Ä–∞—è –ø–æ—è–≤–∏–ª–∞—Å—å –±—É–∫–≤–∞–ª—å–Ω–æ –¥–≤–∞ –≥–æ–¥–∞ –Ω–∞–∑–∞–¥, –∏ –æ—á–µ–Ω—å —Ä–∞–∑–≤–∏–ª–∞—Å—å –≤ –ø–æ—Å–ª–µ–¥–Ω–∏–µ –º–µ—Å—è—Ü—ã —Å –ø–æ—è–≤–ª–µ–Ω–∏–µ–º ChatGPT. –≠—Ç–∏ –ª—é–¥–∏ –ø—Ä–æ—Å—Ç–æ –æ–±—â–∞—é—Ç—Å—è —Å –ò–ò ‚Äî –∏ –ø—Ä–∏ —ç—Ç–æ–º –æ—á–µ–Ω—å –Ω–µ–ø–ª–æ—Ö–æ –Ω–∞ —ç—Ç–æ–º –∑–∞—Ä–∞–±–∞—Ç—ã–≤–∞—é—Ç.",–ë–ª–æ–≥ –∫–æ–º–ø–∞–Ω–∏–∏ getmatch –ö–∞—Ä—å–µ—Ä–∞ –≤ IT-–∏–Ω–¥—É—Å—Ç—Ä–∏–∏ –ò—Å–∫—É—Å—Å—Ç–≤–µ–Ω–Ω—ã–π –∏–Ω—Ç–µ–ª–ª–µ–∫—Ç –ë—É–¥—É—â–µ–µ –∑–¥–µ—Å—å
"2023-03-01, 14:24",–û–±–ª–∞—á–Ω—ã–π Bitrix: –æ–Ω–æ —Ç–æ–≥–æ —Å—Ç–æ–∏—Ç,"–î–æ–±—Ä–æ–≥–æ –≤—Ä–µ–º–µ–Ω–∏ —Å—É—Ç–æ–∫. –ü—Ä–∏¬†—Ä–∞–±–æ—Ç–µ —Å¬†Bitrix‚Äë–∏–Ω—Ñ—Ä–∞—Å—Ç—Ä—É–∫—Ç—É—Ä–æ–π –≤¬†–æ–ø—Ä–µ–¥–µ–ª–µ–Ω–Ω—ã–π –º–æ–º–µ–Ω—Ç –≤—ã –º–æ–∂–µ—Ç–µ —Å—Ç–æ–ª–∫–Ω—É—Ç—å—Å—è —Å¬†–ø—Ä–æ–±–ª–µ–º–æ–π —É–≤–µ–ª–∏—á–µ–Ω–∏—è –≤—Ä–µ–º–µ–Ω–∏ –æ—Ç–∫—Ä—ã—Ç–∏—è —Ä–∞–∑–ª–∏—á–Ω—ã—Ö —Å—Ç—Ä–∞–Ω–∏—Ü –Ω–∞¬†–≤–∞—à–µ–π –ø–ª–æ—â–∞–¥–∫–µ (—Å–∞–π—Ç–µ), –º–µ–¥–ª–µ–Ω–Ω–æ–π –æ—Ç–¥–∞—á–µ–π –∑–∞–∫–∞–∑–æ–≤ –∏–ª–∏¬†–∑–∞–º–µ–¥–ª–µ–Ω–Ω–æ–π –≤—ã–≥—Ä—É–∑–∫–æ–π –Ω–æ–≤—ã—Ö —Ç–æ–≤–∞—Ä–æ–≤ –Ω–∞¬†–ø–ª–æ—â–∞–¥–∫—É. –ß–∞—à–µ –≤—Å–µ–≥–æ —ç—Ç–æ —Å–≤—è–∑–∞–Ω–Ω–æ —Å¬†—Ä–æ—Å—Ç–æ–º –ø—Ä–æ–µ–∫—Ç–∞ –∏ –ø–æ–≤—ã—à–µ–Ω–∏–µ–º –ø–æ—Ç–æ–∫–∞ –∫–ª–∏–µ–Ω—Ç–æ–≤, –∏–∑‚Äë–∑–∞ —á–µ–≥–æ —Å–µ—Ä–≤–µ—Ä–∞ –º–æ–≥—É—Ç –Ω–µ¬†—Å–ø—Ä–∞–≤–ª—è—Ç—å—Å—è. –ò –∑–¥–µ—Å—å –º—ã —Å—Ç–∞–ª–∫–∏–≤–∞–µ–º—Å—è —Å¬†–Ω–µ–æ–±—Ö–æ–¥–∏–º–æ—Å—Ç—å—é —Ä–∞—Å—à–∏—Ä–µ–Ω–∏—è Bitrix‚Äë–∏–Ω—Ñ—Ä–∞—Å—Ç—Ä—É–∫—Ç—É—Ä—ã¬†‚Äî —Å–ø–∞—Å—Ç–∏ —Å–∏—Ç—É–∞—Ü–∏—é –º–æ–∂–µ—Ç –ø–µ—Ä–µ–µ–∑–¥ –Ω–∞¬†–Ω–æ–≤—ã–µ —Å–µ—Ä–≤–µ—Ä–∞, –∞¬†–≤–º–µ—Å—Ç–µ —Å¬†—Ç–µ–º –∏ —É–ª—É—á—à–µ–Ω–∏–µ –ø—Ä–æ–ø—É—Å–∫–Ω–æ–π —Å–ø–æ—Å–æ–±–Ω–æ—Å—Ç–∏ –ø–ª–æ—â–∞–¥–∫–∏.",–ë–ª–æ–≥ –∫–æ–º–ø–∞–Ω–∏–∏ Nixys –†–∞–∑—Ä–∞–±–æ—Ç–∫–∞ –≤–µ–±-—Å–∞–π—Ç–æ–≤ *IT-–∏–Ω—Ñ—Ä–∞—Å—Ç—Ä—É–∫—Ç—É—Ä–∞ *1–°-–ë–∏—Ç—Ä–∏–∫—Å *–û–±–ª–∞—á–Ω—ã–µ —Å–µ—Ä–≤–∏—Å—ã *
"2023-03-01, 13:44",–ú–æ–Ω–∞–¥—ã –Ω–∞ JS/TS –≤ –¥–∏–∫–æ–π –∂–∏–∑–Ω–∏,"–ò–¥–µ—è —Ä–∞–∑–æ–±—Ä–∞—Ç—å—Å—è –≤¬†—Ç–µ–º–µ –º–æ–Ω–∞–¥ –º–µ–Ω—è –ø—Ä–∏–≤–ª–µ–∫–∞–ª–∞ —É–∂–µ –æ—á–µ–Ω—å –¥–∞–≤–Ω–æ. –°–ª–æ–∂–Ω–æ—Å—Ç—å –æ–ø–∏—Å–∞–Ω–∏—è –∫–æ–Ω—Ü–µ–ø—Ü–∏–π –ø—Ä–µ–¥—Å—Ç–∞–≤–ª—è–ª–æ –Ω–µ¬†—Ç–æ–ª—å–∫–æ –º–æ—é¬†–ª–∏—á–Ω—É—é –ø—Ä–æ–±–ª–µ–º—É, –Ω–æ¬†–∏¬†–±—ã–ª–∞ –ø–æ—Ç–µ–Ω—Ü–∏–∞–ª—å–Ω–æ–π –ø—Ä–æ–±–ª–µ–º–æ–π –¥–ª—è¬†–∫–æ–ª–ª–µ–≥. –í–µ–¥—å —Ö–æ—Ç–µ–ª–æ—Å—å –Ω–µ¬†–ø—Ä–æ—Å—Ç–æ –≤¬†–Ω–∏—Ö —Ä–∞–∑–æ–±—Ä–∞—Ç—å—Å—è, –∞¬†—Ä–∞–±–æ—Ç–∞—Ç—å —Å¬†–Ω–∏–º–∏ –∫–∞–∂–¥—ã–π –¥–µ–Ω—å. –§—É–Ω–∫—Ü–∏–æ–Ω–∞–ª—å–Ω–æ–µ –ø—Ä–æ–≥—Ä–∞–º–º–∏—Ä–æ–≤–∞–Ω–∏–µ –Ω–µ–ø–ª–æ—Ö–æ —Ñ–æ—Ä–º–∏—Ä—É–µ—Ç –º—ã—à–ª–µ–Ω–∏–µ, —è–≤–ª—è–µ—Ç—Å—è –æ—á–µ–Ω—å –≤—ã—Ä–∞–∑–∏—Ç–µ–ª—å–Ω—ã–º –∏ —á–∞—Å—Ç–æ –ª–∞–∫–æ–Ω–∏—á–Ω—ã–º —Ä–µ—à–µ–Ω–∏–µ–º. –ù–∏–∂–µ –∏–¥–µ—Ç –æ–ø–∏—Å–∞–Ω–∏–µ –æ–ø—ã—Ç–∞ —Ä–∞–∑—Ä–∞–±–æ—Ç–∫–∏ —Å¬†–ø—Ä–∏–º–µ–Ω–µ–Ω–∏–µ–º –±–∏–±–ª–∏–æ—Ç–µ–∫ –º–æ–Ω–∞–¥ –Ω–∞¬†JS / TS.",JavaScript *TypeScript *
"2023-03-01, 13:17","–°–º–æ–∂–µ—Ç –ª–∏ ChatGPT —É–Ω–∏—á—Ç–æ–∂–∏—Ç—å —Ä–µ–∫—Ä—É—Ç–∏–Ω–≥ –≤ —Ç–æ–º –≤–∏–¥–µ, –≤ –∫–æ—Ç–æ—Ä–æ–º –º—ã –µ–≥–æ –∑–Ω–∞–µ–º?","–°–ª–æ–≤–Ω–æ –Ω–∏–æ—Ç–∫—É–¥–∞, 2023¬†–≥–æ–¥ –Ω–∞—á–∞–ª—Å—è —Å–æ –≤–∑—Ä—ã–≤–Ω–æ–≥–æ –∞–∂–∏–æ—Ç–∞–∂–∞ –≤–æ–∫—Ä—É–≥ –∏–Ω—Å—Ç—Ä—É–º–µ–Ω—Ç–∞ —Ä–∞–∑–≥–æ–≤–æ—Ä–Ω–æ–≥–æ –ò–ò –ø–æ–¥¬†–Ω–∞–∑–≤–∞–Ω–∏–µ–º ChatGPT. –ü–æ¬†–±–æ–ª—å—à–µ–π —á–∞—Å—Ç–∏ –≤¬†–ø—Ä–µ—Å—Å–µ –≤—ã—Å–∫–∞–∑—ã–≤–∞–ª–∏—Å—å –Ω–µ–≥–∞—Ç–∏–≤–Ω—ã–µ –º–Ω–µ–Ω–∏—è, –≤¬†–æ—Å–Ω–æ–≤–Ω–æ–º –æ¬†–µ–≥–æ —Å–ø–æ—Å–æ–±–Ω–æ—Å—Ç–∏ –≤—ã—Å—Ç—É–ø–∞—Ç—å –≤¬†—Ä–æ–ª–∏ —É–±–µ–¥–∏—Ç–µ–ª—å–Ω–æ–≥–æ —Å–∞–º–æ–∑–≤–∞–Ω—Ü–∞, —Å–æ–¥–µ–π—Å—Ç–≤–æ–≤–∞—Ç—å –º–æ—à–µ–Ω–Ω–∏—á–µ—Å—Ç–≤—É –∏¬†–ª–∏—à–∞—Ç—å –Ω–∞—Å —Ä–∞–±–æ—Ç—ã. –ü–æ—Ö–æ–∂–µ, –ø–æ—á—Ç–∏ –Ω–∏ –æ–¥–Ω–∞ –æ—Ç—Ä–∞—Å–ª—å –Ω–µ¬†–∑–∞—Å—Ç—Ä–∞—Ö–æ–≤–∞–Ω–∞ –æ—Ç¬†–º—Ä–∞—á–Ω—ã—Ö –º—ã—Å–ª–µ–π –æ–±¬†–∏–∑–º–µ–Ω–µ–Ω–∏—è—Ö, –∫–æ—Ç–æ—Ä—ã–µ –ø—Ä–∏–Ω–µ—Å–µ—Ç —ç—Ç–∞ —Ç–µ—Ö–Ω–æ–ª–æ–≥–∏—è.–ù–∞–≤–µ—Ä–Ω—è–∫–∞ –≤—Å—è —ç—Ç–∞ —à—É–º–∏—Ö–∞ —è–≤–ª—è–µ—Ç—Å—è —á—Ä–µ–∑–º–µ—Ä–Ω–æ–π —Ä–µ–∞–∫—Ü–∏–µ–π. –ò–ª–∏¬†–Ω–µ—Ç?",–ë–ª–æ–≥ –∫–æ–º–ø–∞–Ω–∏–∏ OTUS –£–ø—Ä–∞–≤–ª–µ–Ω–∏–µ –ø–µ—Ä—Å–æ–Ω–∞–ª–æ–º *–ò—Å–∫—É—Å—Å—Ç–≤–µ–Ω–Ω—ã–π –∏–Ω—Ç–µ–ª–ª–µ–∫—Ç
"2023-03-01, 13:06","–§—É–∫—É—è–º–∞, NAT, TCP –∏ –∫—Ä–æ—Ç–æ–≤—ã–µ –Ω–æ—Ä—ã","–î–∞–Ω–Ω–∞—è —Å—Ç–∞—Ç—å—è —è–≤–ª—è–µ—Ç—Å—è –ø—Ä–æ–¥–æ–ª–∂–µ–Ω–∏–µ–º —Ç–µ–º—ã –æ–±—Å—É–∂–¥–∞–≤—à–µ–π—Å—è –≤ —Å—Ç–∞—Ç—å–µ ""–§–∏–ª–æ—Å–æ—Ñ–∏—è –±–æ—Ä—å–±—ã —Å NAT"" –∏ —Ç–∞–∫ –∂–µ –Ω–∞—Ü–µ–ª–µ–Ω–∞ –Ω–∞ —Å–µ—Ç–µ–≤—ã—Ö —Ä–∞–∑—Ä–∞–±–æ—Ç—á–∏–∫–æ–≤, –°++ –ø—Ä–æ–≥—Ä–∞–º–º–∏—Å—Ç–æ–≤ –∏ –ø—Ä–æ—Å—Ç–æ –∏–Ω—Ç–µ—Ä–µ—Å—É—é—â–∏—Ö—Å—è —Ç–µ–Ω–¥–µ–Ω—Ü–∏—è–º–∏ —Ä–∞–∑–≤–∏—Ç–∏—è –∏–Ω—Ç–µ—Ä–Ω–µ—Ç –∏–Ω–¥—É—Å—Ç—Ä–∏–∏. –ü—Ä–µ–¥–ø–æ–ª–∞–≥–∞–µ—Ç—Å—è, —á—Ç–æ —á–∏—Ç–∞—Ç–µ–ª—å –≤ –æ–±—â–∏—Ö —á–µ—Ä—Ç–∞—Ö –∑–Ω–∞–∫–æ–º —Å –º–æ–¥–µ–ª—å—é OSI, —Å –ø—Ä–æ—Ç–æ–∫–æ–ª–∞–º–∏ UDP –∏ TCP, –∑–Ω–∞–µ—Ç —á—Ç–æ —Ç–∞–∫–æ–µ NAT, –ø–æ–Ω–∏–º–∞–µ—Ç –ø—Ä–∏–Ω—Ü–∏–ø—ã –µ–≥–æ —Ä–∞–±–æ—Ç—ã –∏ –∫–æ–Ω–µ—á–Ω–æ –∂–µ —á–∏—Ç–∞–ª –ø—Ä–µ–¥—ã–¥—É—â—É—é —Å—Ç–∞—Ç—å—é.",C++ *–°–µ—Ç–µ–≤—ã–µ —Ç–µ—Ö–Ω–æ–ª–æ–≥–∏–∏ *–†–∞–∑—Ä–∞–±–æ—Ç–∫–∞ –ø–æ–¥ Linux *–†–∞–∑—Ä–∞–±–æ—Ç–∫–∞ –ø–æ–¥ Windows *
"2023-03-01, 12:40",Spring Data JPA –∏ upsert,"–í—Å–µ–º –ø—Ä–∏–≤–µ—Ç! –ï—Å—Ç—å –¥–æ—Å—Ç–∞—Ç–æ—á–Ω–æ —Ä–∞—Å–ø—Ä–æ—Å—Ç—Ä–∞–Ω–µ–Ω–Ω–∞—è –∑–∞–¥–∞—á–∞: –Ω—É–∂–Ω–æ –≤—Å—Ç–∞–≤–∏—Ç—å –Ω–æ–≤—É—é –∑–∞–ø–∏—Å—å –≤¬†–ë–î, –Ω–æ¬†–µ—Å–ª–∏ –æ–Ω–∞ —É–∂–µ —Ç–∞–º –µ—Å—Ç—å, —Ç–æ –µ—ë —Å–ª–µ–¥—É–µ—Ç –æ–±–Ω–æ–≤–∏—Ç—å. –≠—Ç–∞ —Å–∏—Ç—É–∞—Ü–∏—è –º–æ–∂–µ—Ç –≤—Å—Ç—Ä–µ—Ç–∏—Ç—å—Å—è, –Ω–∞–ø—Ä–∏–º–µ—Ä, –µ—Å–ª–∏ —É¬†–≤–∞—Å –µ—Å—Ç—å 2¬†–∏—Å—Ç–æ—á–Ω–∏–∫–∞ –¥–∞–Ω–Ω—ã—Ö, –∫–∞–∂–¥—ã–π –∏–∑¬†–∫–æ—Ç–æ—Ä—ã—Ö –ø–µ—Ä–µ–¥–∞–µ—Ç –ø–æ–ª–æ–≤–∏–Ω—É –∏–Ω—Ñ–æ—Ä–º–∞—Ü–∏–∏ –æ–±¬†–æ–±—ä–µ–∫—Ç–µ, –∏ –≤–∞—à —Å–µ—Ä–≤–∏—Å –¥–æ–ª–∂–µ–Ω —Å–∫–ª–µ–∏—Ç—å —á–∞—Å—Ç–∏ –≤–º–µ—Å—Ç–µ –ø–æ¬†–∫–∞–∫–æ–º—É‚Äë—Ç–æ –≤–Ω–µ—à–Ω–µ–º—É –∏–¥–µ–Ω—Ç–∏—Ñ–∏–∫–∞—Ç–æ—Ä—É. –ù–æ¬†–≤—ã –Ω–µ¬†–∑–Ω–∞–µ—Ç–µ, –≤¬†–∫–∞–∫–æ–º –ø–æ—Ä—è–¥–∫–µ –∫¬†–≤–∞–º –ø–æ–ø–∞–¥—É—Ç —ç—Ç–∏ –ø–æ–ª–æ–≤–∏–Ω–∫–∏. –ü—Ä–µ–¥–ª–∞–≥–∞—é –ø–æ—Å–º–æ—Ç—Ä–µ—Ç—å, –∫–∞–∫¬†—ç—Ç–æ –º–æ–∂–Ω–æ —Å–¥–µ–ª–∞—Ç—å, –µ—Å–ª–∏ —Å–µ—Ä–≤–∏—Å –∏—Å–ø–æ–ª—å–∑—É–µ—Ç Spring Data JPA.",Java *
"2023-03-01, 12:39",–ó–∞—Ä–ø–ª–∞—Ç—ã —Ä–∞–∑—Ä–∞–±–æ—Ç—á–∏–∫–æ–≤ –≤–æ –≤—Ç–æ—Ä–æ–π –ø–æ–ª–æ–≤–∏–Ω–µ 2022: —è–∑—ã–∫–∏ –∏ –∫–≤–∞–ª–∏—Ñ–∏–∫–∞—Ü–∏–∏,"–¢—Ä–∞–¥–∏—Ü–∏–æ–Ω–Ω–æ –ø–æ—Å–ª–µ –≤—ã–ø—É—Å–∫–∞ –±–æ–ª—å—à–æ–≥–æ –∑–∞—Ä–ø–ª–∞—Ç–Ω–æ–≥–æ –∏—Å—Å–ª–µ–¥–æ–≤–∞–Ω–∏—è –º—ã —Å–æ–±–∏—Ä–∞–µ–º –∑–∞—Ä–ø–ª–∞—Ç—ã, –∫–æ—Ç–æ—Ä—ã–µ —Ä–∞–∑—Ä–∞–±–æ—Ç—á–∏–∫–∏ –æ—Å—Ç–∞–≤–ª—è–ª–∏ –≤ –Ω–∞—à–µ–º –∑–∞—Ä–ø–ª–∞—Ç–Ω–æ–º –∫–∞–ª—å–∫—É–ª—è—Ç–æ—Ä–µ –∏ —Å–º–æ—Ç—Ä–∏–º –Ω–∞ –Ω–∏—Ö –≤ —Ä–∞–∑—Ä–µ–∑–µ –∫–≤–∞–ª–∏—Ñ–∏–∫–∞—Ü–∏–π –∏ —è–∑—ã–∫–æ–≤ –ø—Ä–æ–≥—Ä–∞–º–º–∏—Ä–æ–≤–∞–Ω–∏—è. –ù–∏–∂–µ —Ä–∞—Å—Å–∫–∞–∑—ã–≤–∞–µ–º –ø—Ä–æ –æ–∫–ª–∞–¥—ã —Ä–∞–∑—Ä–∞–±–æ—Ç—á–∏–∫–æ–≤ –≤–æ –≤—Ç–æ—Ä–æ–π –ø–æ–ª–æ–≤–∏–Ω–µ 2022 –∏ —Å—Ä–∞–≤–Ω–∏–≤–∞–µ–º –∏—Ö —Å –ø–µ—Ä–≤—ã–º –ø–æ–ª—É–≥–æ–¥–∏–µ–º 2022.",–ë–ª–æ–≥ –∫–æ–º–ø–∞–Ω–∏–∏ –•–∞–±—Ä –ö–∞—Ä—å–µ—Ä–∞ –ò—Å—Å–ª–µ–¥–æ–≤–∞–Ω–∏—è –∏ –ø—Ä–æ–≥–Ω–æ–∑—ã –≤ IT *–£–ø—Ä–∞–≤–ª–µ–Ω–∏–µ –ø–µ—Ä—Å–æ–Ω–∞–ª–æ–º *–ö–∞—Ä—å–µ—Ä–∞ –≤ IT-–∏–Ω–¥—É—Å—Ç—Ä–∏–∏
"2023-03-01, 12:31",No-code –¥–ª—è –±–∏–∑–Ω–µ—Å-–∞–Ω–∞–ª–∏—Ç–∏–∫–æ–≤,"No-code –ø–ª–∞—Ç—Ñ–æ—Ä–º—ã –º–µ–Ω—è—é—Ç –º–∏—Ä –±–∏–∑–Ω–µ—Å-–∞–Ω–∞–ª–∏—Ç–∏–∫–∏, –¥–µ–ª–∞—è –µ–µ –±–æ–ª–µ–µ —ç—Ñ—Ñ–µ–∫—Ç–∏–≤–Ω–æ–π –∏ –¥–æ—Å—Ç—É–ø–Ω–æ–π. –í —ç—Ç–æ–π —Å—Ç–∞—Ç—å–µ —Ä–∞—Å—Å–º–æ—Ç—Ä–∏–º –ø—Ä–µ–∏–º—É—â–µ—Å—Ç–≤–∞, –∫–æ—Ç–æ—Ä—ã–µ –¥–∞–µ—Ç –ø–æ–¥—Ö–æ–¥ no-code; –Ω–µ–æ–±—Ö–æ–¥–∏–º—ã–µ –Ω–∞–≤—ã–∫–∏ –¥–ª—è –º–∞–∫—Å–∏–º–∞–ª—å–Ω–æ–≥–æ –∏—Å–ø–æ–ª—å–∑–æ–≤–∞–Ω–∏—è —ç—Ç–∏—Ö –ø—Ä–µ–∏–º—É—â–µ—Å—Ç–≤; –∞ —Ç–∞–∫–∂–µ –∏–Ω—Å—Ç—Ä—É–º–µ–Ω—Ç—ã, –≤ –∫–æ—Ç–æ—Ä—ã–µ —Å—Ç–æ–∏—Ç –∏–Ω–≤–µ—Å—Ç–∏—Ä–æ–≤–∞—Ç—å.",–ë–ª–æ–≥ –∫–æ–º–ø–∞–Ω–∏–∏ OTUS –ê–Ω–∞–ª–∏–∑ –∏ –ø—Ä–æ–µ–∫—Ç–∏—Ä–æ–≤–∞–Ω–∏–µ —Å–∏—Å—Ç–µ–º *
"2023-03-01, 12:16","–ü–æ—á–µ–º—É –ø–æ–¥—á–∏–Ω–µ–Ω–Ω—ã–µ –¥–µ–ª–∞—é—Ç –Ω–µ —Ç–æ, —á—Ç–æ –Ω—É–∂–Ω–æ","–Ø –Ω–µ¬†–±—É–¥—É –æ—Ä–∏–≥–∏–Ω–∞–ª–µ–Ω, –µ—Å–ª–∏ —Å–∫–∞–∂—É, —á—Ç–æ¬†—Å–æ—Ç—Ä—É–¥–Ω–∏–∫–∏ —Ä–∞–±–æ—Ç–∞—é—Ç —Ç–∞–∫, –∫–∞–∫¬†–∏–º–∏ —É–ø—Ä–∞–≤–ª—è—é—Ç. –ï—Å—Ç—å –º–Ω–æ–∂–µ—Å—Ç–≤–æ –ø—Ä–∏—á–∏–Ω, –ø–æ—á–µ–º—É —Å–æ—Ç—Ä—É–¥–Ω–∏–∫–∏ –Ω–µ¬†–º–æ–≥—É—Ç –¥–µ–ª–∞—Ç—å —Ç–æ, —á—Ç–æ¬†—Ö–æ—á–µ—Ç –æ—Ç¬†–Ω–∏—Ö —Ä—É–∫–æ–≤–æ–¥–∏—Ç–µ–ª—å, –Ω–æ¬†—Å–µ–≥–æ–¥–Ω—è —è —Ö–æ—á—É –ø–æ–≥–æ–≤–æ—Ä–∏—Ç—å –æ¬†—Å–∞–º–æ–π –±–∞–Ω–∞–ª—å–Ω–æ–π –∏ —Ä–∞—Å–ø—Ä–æ—Å—Ç—Ä–∞–Ω–µ–Ω–Ω–æ–π –ø—Ä–∏—á–∏–Ω–µ: —Å–æ—Ç—Ä—É–¥–Ω–∏–∫—É –¥–∞–ª–∏ –∑–∞–¥–∞–Ω–∏–µ, –∫–æ—Ç–æ—Ä–æ–µ –æ–Ω –Ω–µ¬†—É–º–µ–µ—Ç –¥–µ–ª–∞—Ç—å.",–£–ø—Ä–∞–≤–ª–µ–Ω–∏–µ –ø—Ä–æ–µ–∫—Ç–∞–º–∏ *–£–ø—Ä–∞–≤–ª–µ–Ω–∏–µ –ø—Ä–æ–¥—É–∫—Ç–æ–º *–£–ø—Ä–∞–≤–ª–µ–Ω–∏–µ –ø–µ—Ä—Å–æ–Ω–∞–ª–æ–º *
"2023-03-01, 12:05",BloodHound –∏ —Ä–µ–∑—É–ª—å—Ç–∞—Ç—ã –∞—Ç–∞–∫–∏ PasswordSpray,"–ü—Ä–æ–¥–æ–ª–∂–∞–µ–º —Å–µ—Ä–∏—é –ø–æ—Å—Ç–æ–≤, —Å–≤—è–∑–∞–Ω–Ω—ã—Ö —Å —Ä–∞—Å—à–∏—Ä–µ–Ω–∏–µ–º –≤–æ–∑–º–æ–∂–Ω–æ—Å—Ç–µ–π BloodHound. –°–µ–≥–æ–¥–Ω—è —Ä–∞—Å—Å–º–æ—Ç—Ä–∏–º —Å–ø–æ—Å–æ–± –¥–æ–±–∞–≤–ª–µ–Ω–∏—è —Ä–µ–∑—É–ª—å—Ç–∞—Ç–æ–≤ –∞—Ç–∞–∫–∏ —Ä–∞—Å–ø—ã–ª–µ–Ω–∏—è –ø–∞—Ä–æ–ª—è –≤ –±–∞–∑—É BloodHound. –¢–µ–º–∞ –Ω–µ —è–≤–ª—è–µ—Ç—Å—è –Ω–æ–≤–æ–π, –¥—Ä—É–≥–∏–µ –≤–∞—Ä–∏–∞–Ω—Ç—ã –º–æ–∂–Ω–æ –ø–æ—á–∏—Ç–∞—Ç—å –∑–¥–µ—Å—å –∏ –∑–¥–µ—Å—å.BloodHound ‚Äì —ç—Ç–æ –ø–æ–ø—É–ª—è—Ä–Ω—ã–π –∏–Ω—Å—Ç—Ä—É–º–µ–Ω—Ç, –∫–æ—Ç–æ—Ä—ã–π –∏—Å–ø–æ–ª—å–∑—É–µ—Ç—Å—è –¥–ª—è —Å–±–æ—Ä–∞ –∏ –∞–Ω–∞–ª–∏–∑–∞ –¥–∞–Ω–Ω—ã—Ö –≤–æ –≤—Ä–µ–º—è –ø—Ä–æ–≤–µ–¥–µ–Ω–∏—è –ø–µ–Ω—Ç–µ—Å—Ç–∞ –≤–Ω—É—Ç—Ä–µ–Ω–Ω–µ–π –∏–Ω—Ñ—Ä–∞—Å—Ç—Ä—É–∫—Ç—É—Ä—ã –Ω–∞ –±–∞–∑–µ Active Directory. –≠—Ç–æ—Ç –∏–Ω—Å—Ç—Ä—É–º–µ–Ω—Ç –ø–æ–∑–≤–æ–ª—è–µ—Ç –≤–∏–∑—É–∞–ª–∏–∑–∏—Ä–æ–≤–∞—Ç—å –Ω–µ–∫–æ—Ä—Ä–µ–∫—Ç–Ω—ã–µ –Ω–∞—Å—Ç—Ä–æ–π–∫–∏ –æ–±—ä–µ–∫—Ç–æ–≤ Active Directory –∏ —Å—Ç—Ä–æ–∏—Ç—å —Ü–µ–ø–æ—á–∫–∏ –∞—Ç–∞–∫. –û—Å–Ω–æ–≤–Ω–∞—è –µ–≥–æ –æ—Å–æ–±–µ–Ω–Ω–æ—Å—Ç—å ‚Äî –∏—Å–ø–æ–ª—å–∑–æ–≤–∞–Ω–∏–µ —Ç–µ–æ—Ä–∏–∏ –≥—Ä–∞—Ñ–æ–≤ –ø—Ä–∏ –∞–Ω–∞–ª–∏–∑–µ –¥–∞–Ω–Ω—ã—Ö.",–ë–ª–æ–≥ –∫–æ–º–ø–∞–Ω–∏–∏ –†–æ—Å—Ç–µ–ª–µ–∫–æ–º-–°–æ–ª–∞—Ä –ò–Ω—Ñ–æ—Ä–º–∞—Ü–∏–æ–Ω–Ω–∞—è –±–µ–∑–æ–ø–∞—Å–Ω–æ—Å—Ç—å *
"2023-03-01, 12:04",–¢–µ—Ö–Ω–æ–ª–æ–≥–∏—è –µ–¥–∏–Ω–æ–≥–æ –≤—Ö–æ–¥–∞ (Single Sign-On) –≤ Kubernetes: —Ä–µ–∞–ª–∏–∑–∞—Ü–∏—è –Ω–∞ –ø—Ä–∏–º–µ—Ä–µ VK Cloud,"–û—Å–æ–±–µ–Ω–Ω–æ—Å—Ç—å Kubernetes ‚Äî –≤ –æ—Ç—Å—É—Ç—Å—Ç–≤–∏–∏ —Å–≤–æ–µ–π —Å–∏—Å—Ç–µ–º—ã –∞—É—Ç–µ–Ω—Ç–∏—Ñ–∏–∫–∞—Ü–∏–∏: –∫–∞–∂–¥—ã–π –ø–æ–ª—å–∑–æ–≤–∞—Ç–µ–ª—å –∫–ª–∞—Å—Ç–µ—Ä–∞ –ø–æ —É–º–æ–ª—á–∞–Ω–∏—é –∏–º–µ–µ—Ç –ø—Ä–∞–≤–∞ —Å—É–ø–µ—Ä–∞–¥–º–∏–Ω–∏—Å—Ç—Ä–∞—Ç–æ—Ä–∞ –∏ –º–æ–∂–µ—Ç –¥–µ–ª–∞—Ç—å —á—Ç–æ —É–≥–æ–¥–Ω–æ. –≠—Ç–æ —É–¥–æ–±–Ω–æ –¥–ª—è –Ω–µ–±–æ–ª—å—à–∏—Ö –∫–æ–º–∞–Ω–¥, –Ω–æ –Ω–µ–ø—Ä–∏–µ–º–ª–µ–º–æ –¥–ª—è –∫—Ä—É–ø–Ω—ã—Ö –ø—Ä–æ–µ–∫—Ç–æ–≤ —Å –≤—ã—Å–æ–∫–∏–º–∏ —Ç—Ä–µ–±–æ–≤–∞–Ω–∏—è–º–∏ –∫ –±–µ–∑–æ–ø–∞—Å–Ω–æ—Å—Ç–∏ –∏ —Ä–∞–∑–≥—Ä–∞–Ω–∏—á–µ–Ω–∏—é –ø—Ä–∞–≤ –¥–æ—Å—Ç—É–ø–∞. –†–µ—à–∏—Ç—å —ç—Ç—É –ø—Ä–æ–±–ª–µ–º—É –ø–æ–∑–≤–æ–ª—è–µ—Ç —Ä–∞–∑–¥–µ–ª–µ–Ω–∏–µ –ø—Ä–∞–≤ –¥–æ—Å—Ç—É–ø–∞ —Å –ø–æ–º–æ—â—å—é —Ç–µ—Ö–Ω–æ–ª–æ–≥–∏–∏ –µ–¥–∏–Ω–æ–≥–æ –≤—Ö–æ–¥–∞ (Single Sign-On, SSO).
¬†¬†
–ú–µ–Ω—è –∑–æ–≤—É—Ç –ê–ª–µ–∫—Å–µ–π –í–æ–ª–∫–æ–≤, —è –ø—Ä–æ–¥–∞–∫—Ç-–º–µ–Ω–µ–¥–∂–µ—Ä Kubernetes aaS –∏ Backup –≤ VK Cloud. –†–∞—Å—Å–∫–∞–∂—É, –∫–∞–∫–∏–µ –∏–Ω—Å—Ç—Ä—É–º–µ–Ω—Ç—ã SSO –º—ã —Ä–∞—Å—Å–º–∞—Ç—Ä–∏–≤–∞–ª–∏, –∫–∞–∫ —Ä–µ–∞–ª–∏–∑–æ–≤–∞–ª–∏ –º–µ—Ö–∞–Ω–∏–∑–º –µ–¥–∏–Ω–æ–≥–æ –≤—Ö–æ–¥–∞ –¥–ª—è —Å–µ—Ä–≤–∏—Å–∞ Kubernetes –∏ —á—Ç–æ –ø–æ–ª—É—á–∏–ª–∏ –≤ –∏—Ç–æ–≥–µ.",–ë–ª–æ–≥ –∫–æ–º–ø–∞–Ω–∏–∏ VK DevOps *Kubernetes *
"2023-03-01, 12:00",–ß–µ–º—É –ª—é–¥–∏ –Ω–∞—É—á–∏–ª–∏—Å—å —É –∫–æ–º–ø—å—é—Ç–µ—Ä–æ–≤,"–ß–µ–º—É –º—ã –Ω–∞—É—á–∏–ª–∏—Å—å —É –∫–æ–º–ø—å—é—Ç–µ—Ä–æ–≤? –ù–∞ –ø–µ—Ä–≤—ã–π –≤–∑–≥–ª—è–¥, –ø–æ—Å—Ç–∞–Ω–æ–≤–∫–∞ –≤–æ–ø—Ä–æ—Å–∞ –∞–±—Å—É—Ä–¥–Ω–∞—è. –í–µ–¥—å –ª—é–¥–∏ —Å–∞–º–∏ –ø—Ä–∏–¥—É–º–∞–ª–∏ –∏–Ω—Ñ–æ—Ä–º–∞—Ç–∏–∫—É, —Å–∫–æ–Ω—Å—Ç—Ä—É–∏—Ä–æ–≤–∞–ª–∏ –∫–æ–º–ø—å—é—Ç–µ—Ä–Ω—É—é —Ç–µ—Ö–Ω–∏–∫—É –∏ –Ω–∞–ø–∏—Å–∞–ª–∏ —Å–æ—Ñ—Ç. –ö–∞–∫ –º–æ–∂–Ω–æ —á–µ–º—É-—Ç–æ –Ω–∞—É—á–∏—Ç—å—Å—è —É —Å–≤–æ–µ–≥–æ –¥–µ—Ç–∏—â–∞?

–û–∫–∞–∑—ã–≤–∞–µ—Ç—Å—è, –º–æ–∂–Ω–æ. –ò –Ω–µ –ø–æ—Ç–æ–º—É, —á—Ç–æ –Ω–µ–¥–µ—Ç–µ—Ä–º–∏–Ω–∏—Ä–æ–≤–∞–Ω–Ω–∞—è —Å–∏—Å—Ç–µ–º–∞ –≤—ã–¥–∞—ë—Ç –Ω–µ–ø—Ä–µ–¥—Å–∫–∞–∑—É–µ–º—ã–π —Ä–µ–∑—É–ª—å—Ç–∞—Ç. –ù–∞–æ–±–æ—Ä–æ—Ç, –¥–µ–ª–æ –≤ –∫—Ä–∞–π–Ω–µ–π —Å–∏—Å—Ç–µ–º–Ω–æ—Å—Ç–∏ –∏ –¥–µ—Ç–µ—Ä–º–∏–Ω–∏—Ä–æ–≤–∞–Ω–Ω–æ—Å—Ç–∏ –ø—Ä–æ–≥—Ä–∞–º–º. –ò–Ω–æ–≥–¥–∞ –∫–∞–∂–µ—Ç—Å—è, —á—Ç–æ —ç—Ç–∞ –∂–µ–ª–µ–∑–Ω–∞—è –ª–æ–≥–∏–∫–∞ –º–æ—â–Ω–µ–µ –∏ —Å–∏–ª—å–Ω–µ–µ —á–µ–ª–æ–≤–µ—á–µ—Å–∫–æ–π –ø—Å–∏—Ö–æ–ª–æ–≥–∏–∏, —ç–º–æ—Ü–∏–π –∏ –±–∏–æ–ª–æ–≥–∏—á–µ—Å–∫–æ–π –ø—Ä–∏—Ä–æ–¥—ã. –ü–æ—ç—Ç–æ–º—É –æ–Ω–∞ –±–µ—Ä—ë—Ç –≤–µ—Ä—Ö.

–í–æ—Ç –Ω–µ–∫–æ—Ç–æ—Ä—ã–µ –ø—Ä–∏–º–µ—Ä—ã, –∫–∞–∫ –∏–∑–º–µ–Ω–∏–ª–∞—Å—å –Ω–∞—à–∞ –∂–∏–∑–Ω—å –ø–æ–¥ –≤–ª–∏—è–Ω–∏–µ–º –∫–æ–º–ø—å—é—Ç–µ—Ä–Ω—ã—Ö –∞–ª–≥–æ—Ä–∏—Ç–º–æ–≤. –†–µ—á—å –æ —á–µ—Ä—Ç–∞—Ö —Ö–∞—Ä–∞–∫—Ç–µ—Ä–∞, –º–æ–¥–µ–ª—è—Ö –ø–æ–≤–µ–¥–µ–Ω–∏—è –∏ –≤–æ—Å–ø—Ä–∏—è—Ç–∏–∏ –æ–∫—Ä—É–∂–∞—é—â–µ–≥–æ –º–∏—Ä–∞.",–ë–ª–æ–≥ –∫–æ–º–ø–∞–Ω–∏–∏ RUVDS.com –ú–∞—à–∏–Ω–Ω–æ–µ –æ–±—É—á–µ–Ω–∏–µ *–ö–∏–±–µ—Ä–ø–∞–Ω–∫ –ù–∞—É—á–Ω–æ-–ø–æ–ø—É–ª—è—Ä–Ω–æ–µ –ú–æ–∑–≥
"2023-03-01, 11:57",–ú–µ—Ä—ã –ø–æ–¥–¥–µ—Ä–∂–∫–∏ –ò–¢-–∫–æ–º–ø–∞–Ω–∏–π –≤ 2023 –≥–æ–¥—É: –ª—å–≥–æ—Ç–Ω–∞—è –∏–ø–æ—Ç–µ–∫–∞ –¥–ª—è —Å–æ—Ç—Ä—É–¥–Ω–∏–∫–æ–≤,–í —á–∏—Å–ª–µ –º–µ—Ä –ø–æ–¥–¥–µ—Ä–∂–∫–∏ –ò–¢-–∫–æ–º–ø–∞–Ω–∏–π –≤–∞–∂–Ω–æ–µ –º–µ—Å—Ç–æ –∑–∞–Ω–∏–º–∞–µ—Ç –ø—Ä–∞–≤–∏—Ç–µ–ª—å—Å—Ç–≤–µ–Ω–Ω–∞—è –ø—Ä–æ–≥—Ä–∞–º–º–∞ –ø–æ –ø—Ä–µ–¥–æ—Å—Ç–∞–≤–ª–µ–Ω–∏—é —Ä–∞–±–æ—Ç–Ω–∏–∫–∞–º —ç—Ç–∏—Ö –∫–æ–º–ø–∞–Ω–∏–π –ª—å–≥–æ—Ç–Ω—ã—Ö –∂–∏–ª–∏—â–Ω—ã—Ö (–∏–ø–æ—Ç–µ—á–Ω—ã—Ö) –∫—Ä–µ–¥–∏—Ç–æ–≤ (–∑–∞–π–º–æ–≤) –≤ —Ü–µ–ª—è—Ö —É–ª—É—á—à–µ–Ω–∏—è –∂–∏–ª–∏—â–Ω—ã—Ö —É—Å–ª–æ–≤–∏–π. –û—Å–Ω–æ–≤–Ω–∞—è —Ü–µ–ª—å –ø—Ä–æ–≥—Ä–∞–º–º—ã: —Å–æ—Ö—Ä–∞–Ω–∏—Ç—å –∫–∞–¥—Ä—ã –∏ –Ω–µ —Å–±–∞–≤–ª—è—Ç—å —Ç–µ–º–ø —Ä–∞–∑–≤–∏—Ç–∏—è –ò–¢-–æ—Ç—Ä–∞—Å–ª–∏.,–ò—Å—Å–ª–µ–¥–æ–≤–∞–Ω–∏—è –∏ –ø—Ä–æ–≥–Ω–æ–∑—ã –≤ IT *–ó–∞–∫–æ–Ω–æ–¥–∞—Ç–µ–ª—å—Å—Ç–≤–æ –≤ IT
"2023-03-01, 11:42",¬´–¢–≤–æ—è –º–æ—è –Ω–µ –ø–æ–Ω–∏–º–∞–π¬ª ‚Äî –∫–æ–≥–Ω–∏—Ç–∏–≤–Ω—ã–µ –∞—Å–ø–µ–∫—Ç—ã –æ–±–º–µ–Ω–∞ –∑–Ω–∞–Ω–∏—è–º–∏,"–ö–∞–∫¬†–¥–æ–≥–æ–≤–æ—Ä–∏—Ç—å—Å—è –¥—Ä—É–≥ —Å¬†–¥—Ä—É–≥–æ–º –Ω–∞¬†–ø—Ä–æ—Å—Ç–æ–º —è–∑—ã–∫–µ? –ö–∞–∫¬†–Ω–∞—É—á–∏—Ç—å—Å—è –ø–æ–Ω–∏–º–∞—Ç—å –∏ —Å–¥–µ–ª–∞—Ç—å —Ç–∞–∫, —á—Ç–æ–±—ã —Ç–µ–±—è —Ç–æ–∂–µ –ø–æ–Ω—è–ª–∏ —Ç–≤–æ–∏ –∫–æ–ª–ª–µ–≥–∏ –∏–ª–∏¬†–ø–æ–¥—á–∏–Ω–µ–Ω–Ω—ã–µ? –ß—Ç–æ–±—ã —Ä–∞–∑–æ–±—Ä–∞—Ç—å—Å—è –≤¬†—ç—Ç–æ–º –≤–æ–ø—Ä–æ—Å–µ, –º–æ–∂–Ω–æ –ø—Ä–∏–≤–ª–µ—á—å —Ä–µ–∑—É–ª—å—Ç–∞—Ç—ã –∏—Å—Å–ª–µ–¥–æ–≤–∞–Ω–∏–π –≤¬†–æ–±–ª–∞—Å—Ç–∏ –∫–æ–≥–Ω–∏—Ç–∏–≤–Ω–æ–π –ø—Å–∏—Ö–æ–ª–æ–≥–∏–∏. –ê¬†–≤¬†—á–∞—Å—Ç–Ω–æ—Å—Ç–∏ –≤–æ–ø—Ä–æ—Å—ã —Å–ø–µ—Ü–∏—Ñ–∏–∫–∏ –∫–æ–≥–Ω–∏—Ç–∏–≤–Ω—ã—Ö —Å—Ç–∏–ª–µ–π. –ö–æ–≥–Ω–∏—Ç–∏–≤–Ω—ã–π —Å—Ç–∏–ª—å¬†‚Äî —ç—Ç–æ –∏–Ω–¥–∏–≤–∏–¥—É–∞–ª—å–Ω—ã–π —Å—Ç–∏–ª—å —Ä–µ—à–µ–Ω–∏—è –∑–∞–¥–∞—á –∏ –ø–æ–∑–Ω–∞–Ω–∏—è –º–∏—Ä–∞.–ù–∞¬†—Å–∞–º–æ–º –¥–µ–ª–µ, –∫–æ–≥–Ω–∏—Ç–∏–≤–Ω–∞—è –ø—Å–∏—Ö–æ–ª–æ–≥–∏—è¬†‚Äî —ç—Ç–æ –Ω–µ¬†–ø—Ä–æ—Å—Ç–æ –æ–¥–∏–Ω –∏–∑¬†—Ä–∞–∑–¥–µ–ª–æ–≤ –ø—Å–∏—Ö–æ–ª–æ–≥–∏–∏. –≠—Ç–æ –º–Ω–æ–∂–µ—Å—Ç–≤–æ –Ω–∞—É–∫, –∫–æ—Ç–æ—Ä—ã–µ –Ω–∞¬†–ó–∞–ø–∞–¥–µ –Ω–∞–∑—ã–≤–∞—é—Ç cognitive sciences. –ü—Ä–∏—á—ë–º –∏–º–µ–Ω–Ω–æ –≤–æ¬†–º–Ω–æ–∂–µ—Å—Ç–≤–µ–Ω–Ω–æ–º —á–∏—Å–ª–µ, –ø–æ—Ç–æ–º—É —á—Ç–æ¬†—Ç–∞–º –º–Ω–æ–≥–æ —á–µ–≥–æ. –ò–∑—É—á–∞—Ç—å –º–æ–∂–Ω–æ –Ω–∞¬†—Ä–∞–∑–Ω—ã—Ö —ç—Ç–∞–ø–∞—Ö¬†‚Äî –æ—Ç¬†–ø–µ—Ä–≤–∏—á–Ω–æ–≥–æ –≤—Ö–æ–∂–¥–µ–Ω–∏—è –∏–Ω—Ñ–æ—Ä–º–∞—Ü–∏–∏, perception, –¥–æ¬†—É–∂–µ —Ä–∞–∑–º—ã—à–ª–µ–Ω–∏—è, –ø—Ä–∏–Ω—è—Ç–∏—è —Ä–µ—à–µ–Ω–∏–π –∏ —Ç–∞–∫ –¥–∞–ª–µ–µ.–ù–µ–∫–æ—Ç–æ—Ä—ã–µ –æ—à–∏–±–∫–∏ –º—ã –¥–µ–ª–∞–µ–º –Ω–µ–≤–æ–ª—å–Ω–æ, –∏ —ç—Ç–æ –º–µ—à–∞–µ—Ç –Ω–∞–º –ø–æ–Ω–∏–º–∞—Ç—å –¥—Ä—É–≥ –¥—Ä—É–≥–∞. –≠—Ç–æ —Å–≤—è–∑–∞–Ω–æ, –≤¬†—Ç–æ–º —á–∏—Å–ª–µ, –∏ —Å¬†—Å–µ–º–∞–Ω—Ç–∏–∫–æ–π, —Å–æ —Å–º—ã—Å–ª–æ–º —è–∑—ã–∫–∞. –î–æ–∫–ª–∞–¥ –æ¬†—Ç–æ–º, –∫–∞–∫¬†–±—ã—Ç—å –ª—É—á—à–µ –ø–æ–Ω—è—Ç—ã–º–∏ –Ω–∞—à–∏–º–∏ —Å–æ–±–µ—Å–µ–¥–Ω–∏–∫–∞–º–∏, –µ—Å–ª–∏ –º—ã –æ—Ç¬†–Ω–∏—Ö –æ—Ç–¥–µ–ª–µ–Ω—ã, –Ω–∞–ø—Ä–∏–º–µ—Ä –≤¬†–æ–Ω–ª–∞–π–Ω‚Äë–æ–±—â–µ–Ω–∏–∏.",–ë–ª–æ–≥ –∫–æ–º–ø–∞–Ω–∏–∏ –ö–æ–Ω—Ñ–µ—Ä–µ–Ω—Ü–∏–∏ –û–ª–µ–≥–∞ –ë—É–Ω–∏–Ω–∞ (–û–Ω—Ç–∏–∫–æ) –£—á–µ–±–Ω—ã–π –ø—Ä–æ—Ü–µ—Å—Å –≤ IT –£–ø—Ä–∞–≤–ª–µ–Ω–∏–µ –ø–µ—Ä—Å–æ–Ω–∞–ª–æ–º *
"2023-03-01, 11:29",–ü–æ—á–µ–º—É Banditypes ‚Äî —Å–∞–º–∞—è –º–∞–ª–µ–Ω—å–∫–∞—è TS-–±–∏–±–ª–∏–æ—Ç–µ–∫–∞ –¥–ª—è –≤–∞–ª–∏–¥–∞—Ü–∏–∏ —Å—Ö–µ–º,"–Ø –≤—ã–ø—É—Å—Ç–∏–ª –±–∏–±–ª–∏–æ—Ç–µ–∫—É banditypes ‚Äî —Å–∞–º—ã–π –º–∞–ª–µ–Ω—å–∫–∏–π –≤–∞–ª–∏–¥–∞—Ç–æ—Ä —Å—Ö–µ–º –¥–ª—è TS / JS. –£–¥–∏–≤–∏—Ç–µ–ª—å–Ω–æ, –Ω–æ –±–∞–∑–æ–≤—ã–π —Ñ—É–Ω–∫—Ü–∏–æ–Ω–∞–ª –≤–∞–ª–∏–¥–∞—Ü–∏–∏ —Å –ø—Ä–∏—è—Ç–Ω—ã–º API –º–æ–∂–Ω–æ —É–ø–∏—Ö–Ω—É—Ç—å –≤ 400 –±–∞–π—Ç, –µ—Å–ª–∏ —Å–∫–æ–Ω—Ü–µ–Ω—Ç—Ä–∏—Ä–æ–≤–∞—Ç—å—Å—è –Ω–∞ —Ä–∞–∑–º–µ—Ä–µ –∏ –¥–æ–±–∞–≤–∏—Ç—å –ø–∞—Ä—É –≥—Ä—è–∑–Ω—ã—Ö —Ö–∞–∫–æ–≤. –í —ç—Ç–æ–π —Å—Ç–∞—Ç—å–µ —Ä–∞—Å—Å–∫–∞–∂—É, –∫–∞–∫ –¥–æ–±–∏–ª—Å—è —Ç–∞–∫–æ–≥–æ —Ä–µ–∑—É–ª—å—Ç–∞—Ç–∞.",–ë–ª–æ–≥ –∫–æ–º–ø–∞–Ω–∏–∏ RUVDS.com –†–∞–∑—Ä–∞–±–æ—Ç–∫–∞ –≤–µ–±-—Å–∞–π—Ç–æ–≤ *JavaScript *TypeScript *
"2023-03-01, 11:02",–ö–∞–∫ Android-—Ä–∞–∑—Ä–∞–±–æ—Ç—á–∏–∫—É –∏–∑–±–∞–≤–∏—Ç—å—Å—è –æ—Ç –∫–æ–º–ø–ª–µ–∫—Å–∞ –¥–æ–º–µ–Ω–Ω–æ–π –Ω–µ–ø–æ–ª–Ω–æ—Ü–µ–Ω–Ω–æ—Å—Ç–∏,"–ö–æ–º–ø–ª–µ–∫—Å –¥–æ–º–µ–Ω–Ω–æ–π –Ω–µ–ø–æ–ª–Ω–æ—Ü–µ–Ω–Ω–æ—Å—Ç–∏¬†‚Äî —ç—Ç–æ –∫–æ–≥–¥–∞ –≤–µ—Ä–∏—à—å, —á—Ç–æ¬†–¥–æ–º–µ–Ω–Ω—ã–π —Å–ª–æ–π –ø—Ä–∏–ª–æ–∂–µ–Ω–∏—è –¥–æ–ª–∂–µ–Ω¬†–±—ã—Ç—å —Å–∞–º—ã–º –±–æ–ª—å—à–∏–º –∏ —Å–∞–º—ã–º –≤–∞–∂–Ω—ã–º, –∏ –≤–∏–Ω–∏—à—å —Å–µ–±—è –≤¬†—Ç–æ–º, —á—Ç–æ¬†–≤¬†—Ç–≤–æ—ë–º –∫–æ–¥–µ —ç—Ç–æ –Ω–µ¬†—Ç–∞–∫. –≠—Ç–æ –ø—Ä–æ–∏—Å—Ö–æ–¥–∏—Ç, –µ—Å–ª–∏ –≤–æ—Å–ø—Ä–∏–Ω–∏–º–∞—Ç—å ¬´–ß–∏—Å—Ç—É—é –∞—Ä—Ö–∏—Ç–µ–∫—Ç—É—Ä—É¬ª –∫–∞–∫¬†–µ–¥–∏–Ω—Å—Ç–≤–µ–Ω–Ω–æ –≤–µ—Ä–Ω—ã–π —Å–ø–æ—Å–æ–± –ø–∏—Å–∞—Ç—å –∫–æ–¥.–ü—Ä–∏–≤–µ—Ç, –º–µ–Ω—è –∑–æ–≤—É—Ç –°–∞—à–∞, —è Head of mobile –≤¬†–∫–æ–º–ø–∞–Ω–∏–∏ ¬´–ú–µ—Ç—Ä –∫–≤–∞–¥—Ä–∞—Ç–Ω—ã–π¬ª. –ü–æ–¥¬†–∫–∞—Ç–æ–º¬†‚Äî –ø–æ—á–µ–º—É –ø–æ—è–≤–∏–ª—Å—è —ç—Ç–æ—Ç –∫–æ–º–ø–ª–µ–∫—Å –∏ –∫–∞–∫¬†—Å¬†–Ω–∏–º –±–æ—Ä–æ—Ç—å—Å—è. –°—Ä–∞–∑—É –æ–≥–æ–≤–æ—Ä—é—Å—å, –≤¬†—Å—Ç–∞—Ç—å–µ –º–Ω–æ–≥–æ –º–æ–µ–≥–æ¬†–ª–∏—á–Ω–æ–≥–æ –º–Ω–µ–Ω–∏—è, –∏ –±—É–¥–µ—Ç –∫—Ä—É—Ç–æ, –µ—Å–ª–∏ –≤¬†–∫–æ–º–º–µ–Ω—Ç–∞—Ö –≤—ã –ø–æ–¥–µ–ª–∏—Ç–µ—Å—å —Å–≤–æ–∏–º.",–ë–ª–æ–≥ –∫–æ–º–ø–∞–Ω–∏–∏ m2 tech –ü—Ä–æ–≥—Ä–∞–º–º–∏—Ä–æ–≤–∞–Ω–∏–µ *–†–∞–∑—Ä–∞–±–æ—Ç–∫–∞ –ø–æ–¥ Android *
"2023-03-01, 11:01",–ö–ª–∞–≤–∏–∞—Ç—É—Ä–Ω—ã–π –ö–ü–ö Psion Series 3 ‚Äî –¥–µ—Ç–∞–ª—å–Ω—ã–π –æ–±–∑–æ—Ä –≤ –¥–æ–º–∞—à–Ω–∏—Ö —É—Å–ª–æ–≤–∏—è—Ö,"–ü—Ä–∏–≤–µ—Ç—Å—Ç–≤—É—é –≤—Å–µ—Ö!

–ß—Ç–æ –≤—ã –≤ –ø–µ—Ä–≤—É—é –æ—á–µ—Ä–µ–¥—å –ø—Ä–µ–¥—Å—Ç–∞–≤–ª—è–µ—Ç–µ —Å–µ–±–µ –ø—Ä–∏ —É–ø–æ–º–∏–Ω–∞–Ω–∏–∏ –∫–æ–º–ø–∞–Ω–∏–∏ Psion? Series 5mx? Revo? Series 3? Organiser? –ö–∞–∫—É—é-—Ç–æ —Ä–µ—Ç—Ä–æ-—ç–∫–∑–æ—Ç–∏–∫—É —Ç–∏–ø–∞ Netbook, MC, HC –∏–ª–∏ Workabout? –ò–ª–∏, –º–æ–∂–µ—Ç, –≤—ã –¥—É–º–∞–µ—Ç–µ –æ –Ω–∞—á–∞–ª–µ —ç–ø–æ—Ö–∏ Symbian?

–ß—Ç–æ–±—ã —Ç–æ –Ω–∏ –±—ã–ª–æ, –≤—Å–µ –º—ã –∑–Ω–∞–µ–º, –Ω–∞—Å–∫–æ–ª—å–∫–æ –∏–Ω—Ç–µ—Ä–µ—Å–Ω—ã–µ –∏ –≤–æ –º–Ω–æ–≥–æ–º —É–Ω–∏–∫–∞–ª—å–Ω—ã–µ —É—Å—Ç—Ä–æ–π—Å—Ç–≤–∞ –ø—Ä–æ–∏–∑–≤–æ–¥–∏–ª–∏—Å—å –¥–∞–Ω–Ω–æ–π –∫–æ–º–ø–∞–Ω–∏–µ–π.



–ò—Ç–∞–∫, –≤ —Å–µ–≥–æ–¥–Ω—è—à–Ω–µ–π —Å—Ç–∞—Ç—å–µ —Ä–∞—Å—Å–º–æ—Ç—Ä–∏–º –æ–¥–∏–Ω –∏–∑ —Ç–∞–∫–∏—Ö –¥–µ–≤–∞–π—Å–æ–≤ ‚Äî Psion Series 3. –£–∑–Ω–∞–µ–º, —á—Ç–æ –æ–Ω –º–æ–∂–µ—Ç –∏ –¥–ª—è —á–µ–≥–æ –º–æ–∂–µ—Ç –ø—Ä–∏–≥–æ–¥–∏—Ç—å—Å—è.",–ë–ª–æ–≥ –∫–æ–º–ø–∞–Ω–∏–∏ Timeweb Cloud –ì–∞–¥–∂–µ—Ç—ã –°—Ç–∞—Ä–æ–µ –∂–µ–ª–µ–∑–æ
"2023-03-01, 11:00",–ü—Ä–∏–∫–æ—Å–Ω–æ–≤–µ–Ω–∏–µ –ø–æ Bluetooth: –∏—Å–∫—É—Å—Å—Ç–≤–µ–Ω–Ω–∞—è –∫–æ–∂–∞ –¥–ª—è –ø–µ—Ä–µ–¥–∞—á–∏ —Ç–∞–∫—Ç–∏–ª—å–Ω—ã—Ö —Å–∏–≥–Ω–∞–ª–æ–≤,"–õ—é–¥–∏ ‚Äî —Å—É—â–µ—Å—Ç–≤–∞ —Å–æ—Ü–∏–∞–ª—å–Ω—ã–µ, –∏ –¥–∞–∂–µ –∑–∞—è–¥–ª—ã–º –∏–Ω—Ç—Ä–æ–≤–µ—Ä—Ç–∞–º –∏–Ω–æ–≥–¥–∞ –Ω—É–∂–Ω–æ –æ–±—â–µ–Ω–∏–µ —Å –ø—Ä–µ–¥—Å—Ç–∞–≤–∏—Ç–µ–ª—è–º–∏ —Å–≤–æ–µ–≥–æ –≤–∏–¥–∞. –ü–æ —Å—É—Ç–∏ —Å–≤–æ–µ–π, –µ—Å–ª–∏ –Ω–µ —Ä–∞—Å—Å–º–∞—Ç—Ä–∏–≤–∞—Ç—å –ø—Å–∏—Ö–æ–ª–æ–≥–∏—á–µ—Å–∫–∏–µ –∞—Å–ø–µ–∫—Ç—ã, —Ç–æ –æ–±—â–µ–Ω–∏–µ ‚Äî —ç—Ç–æ –æ–±–º–µ–Ω –¥–∞–Ω–Ω—ã–º–∏, –∫–æ—Ç–æ—Ä—ã–µ –≤—ã—Ä–∞–∂–∞—é—Ç—Å—è –≤ –æ–ø—Ä–µ–¥–µ–ª–µ–Ω–Ω–æ–π —Å–µ–Ω—Å–æ—Ä–Ω–æ–π —Ñ–æ—Ä–º–µ, –≥—Ä–∞–Ω–∏ –∫–æ—Ç–æ—Ä–æ–π –º–µ–Ω—è–ª–∏—Å—å –∏ –¥–æ–ø–æ–ª–Ω—è–ª–∏—Å—å –ø–∞—Ä–∞–ª–ª–µ–ª—å–Ω–æ —Ä–∞–∑–≤–∏—Ç–∏—é —Ç–µ—Ö–Ω–æ–ª–æ–≥–∏–π. –ë–ª–∞–≥–æ–¥–∞—Ä—è —ç—Ç–æ–º—É –ø–∏—Å—å–º–∞ —Å–º–µ–Ω–∏–ª–∏—Å—å —Ç–µ–ª–µ—Ñ–æ–Ω–∞–º–∏, —Å –ø–æ—è–≤–ª–µ–Ω–∏–µ–º –ø–æ–ª—å–∑–æ–≤–∞—Ç–µ–ª—å—Å–∫–æ–π –≤—ã—á–∏—Å–ª–∏—Ç–µ–ª—å–Ω–æ–π —Ç–µ—Ö–Ω–∏–∫–∏ –∏ –∏–Ω—Ç–µ—Ä–Ω–µ—Ç–∞ –Ω–∞–º —Å—Ç–∞–ª–∏ –¥–æ—Å—Ç—É–ø–Ω—ã –∏ –≤–∏–¥–µ–æ–∑–≤–æ–Ω–∫–∏. –ö–∞–∂–¥—ã–π –∏–∑ —ç—Ç–∏—Ö –≤–∞—Ä–∏–∞–Ω—Ç–æ–≤ –æ–±—â–µ–Ω–∏—è –ø—Ä–µ–¥–ø–æ–ª–∞–≥–∞–µ—Ç –ø–µ—Ä–µ–¥–∞—á—É –æ–ø—Ä–µ–¥–µ–ª–µ–Ω–Ω–æ–π —Å–µ–Ω—Å–æ—Ä–Ω–æ–π –∏–Ω—Ñ–æ—Ä–º–∞—Ü–∏–∏, –ø–æ–º–∏–º–æ —Å–∞–º–∏—Ö —Å–ª–æ–≤. –í–æ –≤—Ä–µ–º—è —Ç–µ–ª–µ—Ñ–æ–Ω–Ω–æ–≥–æ –∑–≤–æ–Ω–∫–∞ –º—ã —Å–ª—ã—à–∏–º –≥–æ–ª–æ—Å —Å–æ–±–µ—Å–µ–¥–Ω–∏–∫–∞, –≤–∏–¥–µ–æ —Å–≤—è–∑—å –ø–æ–∑–≤–æ–ª—è–µ—Ç –≤–∏–¥–µ—Ç—å –µ–≥–æ —ç–º–æ—Ü–∏–∏. –ù–µ –º–µ–Ω–µ–µ –≤–∞–∂–Ω—ã–º –∞—Å–ø–µ–∫—Ç–æ–º –æ–±—â–µ–Ω–∏—è —è–≤–ª—è–µ—Ç—Å—è –∏ —Ç–∞–∫—Ç–∏–ª—å–Ω–æ–µ –≤–∑–∞–∏–º–æ–¥–µ–π—Å—Ç–≤–∏–µ, –Ω–æ –ø–µ—Ä–µ–¥–∞—á–∞ —Ç–∞–∫—Ç–∏–ª—å–Ω–æ–π –∏–Ω—Ñ–æ—Ä–º–∞—Ü–∏–∏ –≤–æ –≤—Ä–µ–º—è –¥–∏—Å—Ç–∞–Ω—Ü–∏–æ–Ω–Ω–æ–≥–æ –æ–±—â–µ–Ω–∏—è —Ä–∞–Ω–µ–µ –±—ã–ª–∞ –Ω–µ–≤–æ–∑–º–æ–∂–Ω–æ–π. –£—á–µ–Ω—ã–µ –∏–∑ –ì–æ—Ä–æ–¥—Å–∫–æ–≥–æ —É–Ω–∏–≤–µ—Ä—Å–∏—Ç–µ—Ç–∞ –ì–æ–Ω–∫–æ–Ω–≥–∞ —Ä–∞–∑—Ä–∞–±–æ—Ç–∞–ª–∏ –±–µ—Å–ø—Ä–æ–≤–æ–¥–Ω—É—é –∏—Å–∫—É—Å—Å—Ç–≤–µ–Ω–Ω—É—é –∫–æ–∂—É, –∫–æ—Ç–æ—Ä–∞—è —Å–ø–æ—Å–æ–±–Ω–∞ —Å—á–∏—Ç—ã–≤–∞—Ç—å –∏ –ø–µ—Ä–µ–¥–∞–≤–∞—Ç—å —Ç–∞–∫—Ç–∏–ª—å–Ω—ã–µ –æ—â—É—â–µ–Ω–∏—è –º–µ–∂–¥—É –ø–æ–ª—å–∑–æ–≤–∞—Ç–µ–ª—è–º–∏ –Ω–∞ —Ä–∞—Å—Å—Ç–æ—è–Ω–∏–∏. –ò–∑ —á–µ–≥–æ —Å–¥–µ–ª–∞–Ω–æ –¥–∞–Ω–Ω–æ–µ –∏–∑–æ–±—Ä–µ—Ç–µ–Ω–∏—è, –∏ –∫–∞–∫ –æ–Ω–æ —Ä–∞–±–æ—Ç–∞–µ—Ç? –û—Ç–≤–µ—Ç—ã –Ω–∞ —ç—Ç–∏ –≤–æ–ø—Ä–æ—Å—ã –º—ã –Ω–∞–π–¥–µ–º –≤ –¥–æ–∫–ª–∞–¥–µ —É—á–µ–Ω—ã—Ö.",–ë–ª–æ–≥ –∫–æ–º–ø–∞–Ω–∏–∏ ua-hosting.company –ü—Ä–æ–∏–∑–≤–æ–¥—Å—Ç–≤–æ –∏ —Ä–∞–∑—Ä–∞–±–æ—Ç–∫–∞ —ç–ª–µ–∫—Ç—Ä–æ–Ω–∏–∫–∏ *–ù–∞—É—á–Ω–æ-–ø–æ–ø—É–ª—è—Ä–Ω–æ–µ –ò–Ω—Ç–µ—Ä–Ω–µ—Ç –≤–µ—â–µ–π –ù–æ—Å–∏–º–∞—è —ç–ª–µ–∫—Ç—Ä–æ–Ω–∏–∫–∞
"2023-03-01, 11:00",–ö–∞–∫ —Å–¥–µ–ª–∞—Ç—å —Å–≤–æ—é –∫–æ–º–ø–∞–Ω–∏—é –ø—Ä–∏–≤–ª–µ–∫–∞—Ç–µ–ª—å–Ω–æ–π –¥–ª—è –∫–≤–∞–ª–∏—Ñ–∏—Ü–∏—Ä–æ–≤–∞–Ω–Ω—ã—Ö IT —Å–ø–µ—Ü–∏–∞–ª–∏—Å—Ç–æ–≤?,"–ö–æ–Ω–µ—á–Ω–æ, –æ–±—ã—á–Ω–æ —Ç–∞–∫–∏–µ —Å—Ç–∞—Ç—å–∏ –ø–∏—à—É—Ç —ç–π—á–∞—Ä—ã. –ù–æ¬†–≤¬†—ç—Ç–æ–π –≤—ã—Ä–∞–∂–∞–µ—Ç—Å—è –º–Ω–µ–Ω–∏–µ –∏–∑¬†–¥—Ä—É–≥–æ–≥–æ –ª–∞–≥–µ—Ä—è¬†‚Äî –ø–æ—Ç–µ—Ä—è–≤—à–∞—è –±–µ—Ä–µ–≥–∞ –æ—Ç¬†–∫–æ–Ω—Å–∫–∏—Ö –∑–∞—Ä–ø–ª–∞—Ç –≤¬†–æ—Ç—Ä–∞—Å–ª–∏ –∏–∑–±–∞–ª–æ–≤–∞–Ω–Ω–∞—è –æ–±—â–µ—Å—Ç–≤–µ–Ω–Ω–æ—Å—Ç—å (–≤ –º–æ–µ–º¬†–ª–∏—Ü–µ –∏–Ω–∂–µ–Ω–µ—Ä–∞ —Ç–µ—Ö–ø–æ–¥–¥–µ—Ä–∂–∫–∏) –ø—ã—Ç–∞–µ—Ç—Å—è —Ä–∞–∑–æ–±—Ä–∞—Ç—å—Å—è, –∫–∞–∫–∏–µ –±–µ–Ω–µ—Ñ–∏—Ç—ã –º–æ–≥—É—Ç¬†–±—ã—Ç—å –ø—Ä–µ–¥–ª–æ–∂–µ–Ω—ã –∫–æ–º–ø–∞–Ω–∏–µ–π –ø–æ—Ç–µ–Ω—Ü–∏–∞–ª—å–Ω—ã–º —Å–æ—Ç—Ä—É–¥–Ω–∏–∫–∞–º¬†‚Äî –∏ –∑–∞—á–µ–º –≤–æ–æ–±—â–µ –∏—Ö –ø—Ä–µ–¥–ª–∞–≥–∞—Ç—å.",–ë–ª–æ–≥ –∫–æ–º–ø–∞–Ω–∏–∏ FirstVDS –£–ø—Ä–∞–≤–ª–µ–Ω–∏–µ –ø–µ—Ä—Å–æ–Ω–∞–ª–æ–º *–ö–∞—Ä—å–µ—Ä–∞ –≤ IT-–∏–Ω–¥—É—Å—Ç—Ä–∏–∏
"2023-03-01, 10:50",–ú–æ–∂–Ω–æ –ª–∏ –Ω–∞–π—Ç–∏ —Ö–æ—Ä–æ—à—É—é –∏–≥—Ä—É –ø–æ —Ä–µ–∫–æ–º–µ–Ω–¥–∞—Ü–∏—è–º Google Play –∏ App Store?,"–ü—Ä–µ–¥—Å—Ç–∞–≤–∏–º, —á—Ç–æ¬†–≤—ã —Ä–µ—à–∏–ª–∏ –ø–æ–∏–≥—Ä–∞—Ç—å, –≤¬†—Ç–æ –≤—Ä–µ–º—è, –∫–æ–≥–¥–∞ –ø–æ–¥¬†—Ä—É–∫–æ–π –Ω–µ—Ç –±–æ—è—Ä—Å–∫–æ–≥–æ –ü–ö —Å¬†–ª—é–±–∏–º—ã–º–∏ –∏–≥—Ä–∞–º–∏. –í–æ–∑–º–æ–∂–Ω–æ, –≤–∞–º –ø—Ä–µ–¥—Å—Ç–æ–∏—Ç –¥–ª–∏—Ç–µ–ª—å–Ω–∞—è –ø–æ–µ–∑–¥–∫–∞, –æ–∂–∏–¥–∞–Ω–∏–µ –≤¬†–æ—á–µ—Ä–µ–¥–∏ –∏–ª–∏¬†–∑–∞—Å–µ–¥–∞–Ω–∏–µ —Å–∞–º–∏ –∑–Ω–∞–µ—Ç–µ –≥–¥–µ. –ò –≤–æ—Ç –≤—ã –æ—Ç–∫—Ä—ã–≤–∞–µ—Ç–µ –º–∞–≥–∞–∑–∏–Ω –º–æ–±–∏–ª—å–Ω—ã—Ö –∏–≥—Ä, –≥–¥–µ –≤–∞—Å –æ–∂–∏–¥–∞—é—Ç —Å–∞–º—ã–µ –≥—Ä–æ–º–∫–∏–µ –Ω–æ–≤–∏–Ω–∫–∏ —ç—Ç–æ–≥–æ –º–µ—Å—è—Ü–∞, —É–±–∏–π—Ü—ã –ê–ê–ê –∏ –≤—Å–µ –ø—Ä–æ—á–µ–µ, —á—Ç–æ¬†—Ä–µ–∫–æ–º–µ–Ω–¥—É—é—Ç –ø–ª–∞—Ç—Ñ–æ—Ä–º—ã –∏ –∏—Ö —Ä–µ–¥–∞–∫—Ç–æ—Ä—ã. –≠—Ç–∏ –∏–≥—Ä—ã –≤–∞–º —Ç–æ—á–Ω–æ —Å–º–æ–≥—É—Ç –ø–æ–Ω—Ä–∞–≤–∏—Ç—Å—è‚Ä¶ –Ω–æ¬†—Ç–∞–∫¬†–ª–∏ —ç—Ç–æ –Ω–∞¬†—Å–∞–º–æ–º –¥–µ–ª–µ –∏ –∫–∞–∫¬†–∂–µ —Ä–∞–±–æ—Ç–∞—é—Ç —ç—Ç–∏ —Ä–µ–∫–æ–º–µ–Ω–¥–∞—Ü–∏–∏?",–†–∞–∑—Ä–∞–±–æ—Ç–∫–∞ –∏–≥—Ä *–ú–æ–Ω–µ—Ç–∏–∑–∞—Ü–∏—è –∏–≥—Ä *–î–∏–∑–∞–π–Ω –∏–≥—Ä *–ü—Ä–æ–¥–≤–∏–∂–µ–Ω–∏–µ –∏–≥—Ä *–ò–≥—Ä—ã –∏ –∏–≥—Ä–æ–≤—ã–µ –∫–æ–Ω—Å–æ–ª–∏
"2023-03-01, 10:33",–ß—Ç–æ –Ω–µ —Ç–∞–∫ —Å –Ω–æ–≤—ã–º–∏ —Å–ø–æ—Å–æ–±–∞–º–∏ –º–æ–Ω–µ—Ç–∏–∑–∞—Ü–∏–∏ BigTech-–∫–æ–º–ø–∞–Ω–∏–π. –†–∞–∑–±–∏—Ä–∞–µ–º –Ω–∞ –ø—Ä–∏–º–µ—Ä–µ –≤–µ—Ä–∏—Ñ–∏–∫–∞—Ü–∏–∏ Meta –∏ –¥–≤—É—Ö—Ñ–∞–∫—Ç–æ—Ä–∫–∏ Twitter,"–î–≤–∞ –≥–æ–¥–∞ –ª—é–¥–∏ —Å—É—Ç–∫–∞–º–∏ —Å–∏–¥–µ–ª–∏ –¥–æ–º–∞, —Ä–∞–±–æ—Ç–∞—è –≤ Teams, –∑–∞–∫–∞–∑—ã–≤–∞—è –µ–¥—É –∏ –ø—Ä–æ—Å–º–∞—Ç—Ä–∏–≤–∞—è –≥–æ—Ä—É –∫–æ–Ω—Ç–µ–Ω—Ç–∞ —Å–æ—Ü—Å–µ—Ç–µ–π –∏ —Å—Ç—Ä–∏–º–∏–Ω–≥–∞. –ö–∞–ø–∏—Ç–∞–ª —Ä–µ–∫–æ–π –ª–∏–ª—Å—è –≤ BigTech, –∏–∑-–∑–∞ —á–µ–≥–æ –æ–Ω –Ω–µ—Ö–∏–ª–æ —Ä–∞—Å–ø—É—Ö. –í 2022 –≥. –≤—Å–µ –∏–∑–º–µ–Ω–∏–ª–æ—Å—å. –¢–µ–ø–µ—Ä—å IT-–≥–∏–≥–∞–Ω—Ç—ã —Å—Ä–µ–∑–∞—é—Ç –ª–∏—à–Ω–∏–π –∂–∏—Ä–æ–∫ –∏ –∏—â—É—Ç —Å–ø–æ—Å–æ–±—ã –∑–∞—Ç–∫–Ω—É—Ç—å –¥—ã—Ä—ã –≤ –±—é–¥–∂–µ—Ç–∞—Ö. –ü–æ—Ä–æ–π - –≤–µ—Å—å–º–∞ —Å—Ç—Ä–∞–Ω–Ω—ã–º–∏ —Å–ø–æ—Å–æ–±–∞–º–∏. –ü—Ä–æ –Ω–∏—Ö —Å–µ–≥–æ–¥–Ω—è –∏ –ø–æ–≥–æ–≤–æ—Ä–∏–º.",–ë–∏–∑–Ω–µ—Å-–º–æ–¥–µ–ª–∏ *IT-–∫–æ–º–ø–∞–Ω–∏–∏
"2023-03-01, 10:30",iOS-—Ä–∞–∑—Ä–∞–±–æ—Ç–∫–∞ —Å–æ SnapKit: —Å–ø–∞—Å–∞–µ–º –∫–æ–Ω—Å–æ–ª—å –æ—Ç –ø—Ä–æ—Å—Ç—ã–Ω–∏ –æ—à–∏–±–æ–∫ –∏ —É—Å–∫–æ—Ä—è–µ–º –æ—Ç—Ä–∏—Å–æ–≤–∫—É UI,"–ü—Ä–∏–≤–µ—Ç, —è –î–∞—à–∞, –∑–∞–Ω–∏–º–∞—é—Å—å iOS‚Äë—Ä–∞–∑—Ä–∞–±–æ—Ç–∫–æ–π –≤¬†–°—Ä–∞–≤–Ω–∏. –ú—ã –≤¬†–º–æ–±–∏–ª—å–Ω–æ–π –∫–æ–º–∞–Ω–¥–µ –ø–æ–ª—å–∑—É–µ–º—Å—è SnapKit¬†‚Äî –ø–æ–º–æ–≥–∞–µ—Ç –Ω–∞–º —Ä–µ–≤—å—é–∏—Ç—å –∏–∑–º–µ–Ω–µ–Ω–∏—è –≤¬†–æ–±—â–∏—Ö –∫–æ–º–ø–æ–Ω–µ–Ω—Ç–∞—Ö¬†–±—ã—Å—Ç—Ä–µ–µ –∏ –ø—Ä–æ—â–µ. –ò–Ω—Å—Ç—Ä—É–º–µ–Ω—Ç –ø—Ä–µ–∫—Ä–∞—Å–Ω—ã–π, –Ω–æ¬†—è –∑–∞–º–µ—Ç–∏–ª–∞ —Ç–µ–Ω–¥–µ–Ω—Ü–∏—é: —Å—Ç–æ–∏—Ç –≤¬†—Ä–∞–±–æ—Ç–µ –ø–æ—è–≤–∏—Ç—å—Å—è —Å–ª–æ–∂–Ω—ã–º –≤–∞—Ä–∏–∞–Ω—Ç–∞–º –≤—ë—Ä—Å—Ç–∫–∏, –∫–∞–∫¬†—Å—Ä–∞–∑—É –≤¬†—Ä–∞–∑—ã —Ä–∞—Å—Ç—ë—Ç –≤–µ—Ä–æ—è—Ç–Ω–æ—Å—Ç—å, —á—Ç–æ¬†UI –º–æ–∂–µ—Ç –≤—ã–≥–ª—è–¥–µ—Ç—å –æ–∫, –∞¬†–≤¬†–∫–æ–Ω—Å–æ–ª–∏ –±—É–¥–µ—Ç –æ—Ç–æ–±—Ä–∞–∂–∞—Ç—å—Å—è –º–Ω–æ–∂–µ—Å—Ç–≤–æ –æ—à–∏–±–æ–∫ LayoutConstraints, –ª–æ–≥–∏ –∑–∞—Å–æ—Ä—è—é—Ç—Å—è, –Ω–∞–π—Ç–∏ –¥–µ–π—Å—Ç–≤–∏—Ç–µ–ª—å–Ω–æ –ø–æ–ª–µ–∑–Ω—É—é –∏–Ω—Ñ–æ—Ä–º–∞—Ü–∏—é —Å—Ç–∞–Ω–æ–≤–∏—Ç—Å—è —Å–ª–æ–∂–Ω–µ–µ. –í¬†—ç—Ç–æ–π —Å—Ç–∞—Ç—å–µ –¥–∞–≤–∞–π—Ç–µ –ø–æ–ø—Ä–æ–±—É–µ–º —Å–ø–∞—Å—Ç–∏ –ª–æ–≥–∏ –æ—Ç¬†–æ—à–∏–±–æ–∫ –∫–æ–Ω—Å—Ç—Ä–µ–π–Ω—Ç–æ–≤, –æ–±—Å—É–¥–∏–º –æ—Å–æ–±–µ–Ω–Ω–æ—Å—Ç–∏ –∏ —É–¥–æ–±–Ω—ã–µ –ø–æ–¥—Ö–æ–¥—ã –¥–ª—è¬†—Ä–∞–±–æ—Ç—ã —Å¬†–æ–≥—Ä–∞–Ω–∏—á–µ–Ω–∏—è–º–∏, —Ä–∞–∑–±–µ—Ä—ë–º –∫—Ä–∞–µ–≤—ã–µ —Å–ª—É—á–∞–∏ –∏ –≤–º–µ—Å—Ç–µ –ø–æ–ø—Ä–æ–±—É–µ–º —á—É—Ç—å –≥–ª—É–±–∂–µ —Ä–∞–∑–æ–±—Ä–∞—Ç—å—Å—è –≤¬†—Ç–æ–Ω–∫–æ—Å—Ç—è—Ö —Ä–∞–±–æ—Ç—ã —Å–æ SnapKit.",–ë–ª–æ–≥ –∫–æ–º–ø–∞–Ω–∏–∏ –°—Ä–∞–≤–Ω–∏ –ü—Ä–æ–≥—Ä–∞–º–º–∏—Ä–æ–≤–∞–Ω–∏–µ *–†–∞–∑—Ä–∞–±–æ—Ç–∫–∞ –ø–æ–¥ iOS *–†–∞–∑—Ä–∞–±–æ—Ç–∫–∞ –º–æ–±–∏–ª—å–Ω—ã—Ö –ø—Ä–∏–ª–æ–∂–µ–Ω–∏–π *
"2023-03-01, 10:28",–í—Å–µ –ø—Ä–æ –®–∫–æ–ª—É –∞–Ω–∞–ª–∏–∑–∞ –¥–∞–Ω–Ω—ã—Ö –æ—Ç –Ø–Ω–¥–µ–∫—Å–∞,"–ü—Ä–∏–≤–µ—Ç, –•–∞–±—Ä! –ú–µ–Ω—è –∑–æ–≤—É—Ç –í–ª–∞–¥–∏—Å–ª–∞–≤ –∏ —É–∂–µ –∫–∞–∫–æ–π –≥–æ–¥ –≥–æ—Ç–æ–≤–ª—é —Å—Ç—É–¥–µ–Ω—Ç–æ–≤ –≤ –®–ê–î –∏ –∑–∞–Ω–∏–º–∞—é—Å—å —Å–æ–æ–±—â–µ—Å—Ç–≤–æ–º –ü–æ—Å—Ç—É–ø–∞—à–∫–∏ - –®–ê–î, –°—Ç–∞–∂–∏—Ä–æ–≤–∫–∏ –∏ –ú–∞–≥–∏—Å—Ç—Ä–∞—Ç—É—Ä–∞. –í —ç—Ç–æ–π —Å—Ç–∞—Ç—å–µ –æ–±—Å—É–∂—É –≤—Å–µ –∫–ª—é—á–µ–≤—ã–µ –≤–æ–ø—Ä–æ—Å—ã, —Å–≤—è–∑–∞–Ω–Ω—ã–µ —Å –®–ê–î, –æ –∫–æ—Ç–æ—Ä—ã—Ö –≤–∞–º –Ω–µ —Ä–∞—Å—Å–∫–∞–∂—É—Ç –Ω–∞ –¥–Ω–µ –æ—Ç–∫—Ä—ã—Ç—ã—Ö –¥–≤–µ—Ä–µ–π.",–ú–∞—Ç–µ–º–∞—Ç–∏–∫–∞ *–£—á–µ–±–Ω—ã–π –ø—Ä–æ—Ü–µ—Å—Å –≤ IT
"2023-03-01, 10:05",–†–∞–∑–¥–µ–ª—è–π –∏ –≤–ª–∞—Å—Ç–≤—É–π. –ö–∞–∫ —Ä–∞–∑–±–∏—Ç—å –ø—Ä–∏–ª–æ–∂–µ–Ω–∏–µ –Ω–∞ –º–æ–¥—É–ª–∏ –≤ XCode,"–ü—Ä–∏–≤–µ—Ç! –ù–∞¬†—Å–≤—è–∑–∏ –∫–æ–º–∞–Ω–¥–∞ Joy Dev. –ü—Ä–µ–¥—Å—Ç–∞–≤–∏–º —Å–∏—Ç—É–∞—Ü–∏—é, –≤—ã —Ä–∞–±–æ—Ç–∞–µ—Ç–µ –Ω–∞–¥ –ø—Ä–æ–µ–∫—Ç–æ–º, –¥–µ–ª–∞ –∏–¥—É—Ç —Ö–æ—Ä–æ—à–æ, –ø—Ä–æ–µ–∫—Ç —Ä–∞—Å—Ç–µ—Ç, –∏ –≤¬†–∫–∞–∫–æ–π‚Äë—Ç–æ –º–æ–º–µ–Ω—Ç –≤–∞—Å –≤¬†–∫–æ–º–∞–Ω–¥–µ —Å—Ç–∞–Ω–æ–≤–∏—Ç—Å—è –≤—Å–µ –±–æ–ª—å—à–µ –∏ –±–æ–ª—å—à–µ! –ü—Ä–æ–µ–∫—Ç –≤—ã—Ä–∞—Å—Ç–∞–µ—Ç, –∏ —Å—Ç–∞–Ω–æ–≤–∏—Ç—Å—è –º–Ω–æ–≥–æ –º–æ–¥—É–ª–µ–π –∏ —Ñ–∏—á, –Ω–æ¬†–ø–æ—è–≤–∏–ª–∏—Å—å –ø—Ä–æ–±–ª–µ–º—ã:",–ë–ª–æ–≥ –∫–æ–º–ø–∞–Ω–∏–∏ Joy Dev –†–∞–∑—Ä–∞–±–æ—Ç–∫–∞ –º–æ–±–∏–ª—å–Ω—ã—Ö –ø—Ä–∏–ª–æ–∂–µ–Ω–∏–π *Xcode *
"2023-03-01, 09:26","–†–æ–±–æ—Ç—ã –≤ –í–°–ö: –≤—á–µ—Ä–∞, —Å–µ–≥–æ–¥–Ω—è, –∑–∞–≤—Ç—Ä–∞","–®–∞—Ö–æ–≤ –ê–ª–µ–∫—Å–∞–Ω–¥—Ä, —Ä—É–∫–æ–≤–æ–¥–∏—Ç–µ–ª—å —É–ø—Ä–∞–≤–ª–µ–Ω–∏—è –ø–µ—Ä—Å–ø–µ–∫—Ç–∏–≤–Ω—ã—Ö —Ç–µ—Ö–Ω–æ–ª–æ–≥–∏–π –≤¬†–∫–æ–º–ø–∞–Ω–∏–∏ –í–°–ö–í¬†—ç—Ç–æ–π —Å—Ç–∞—Ç—å–µ —è —Ä–∞—Å—Å–∫–∞–∂—É –æ¬†–ø—Ä–æ–≥—Ä–∞–º–º–Ω—ã—Ö —Ä–æ–±–æ—Ç–∞—Ö –∏ –ø—Ä–∞–∫—Ç–∏—á–µ—Å–∫–∏—Ö —Ä–µ–∑—É–ª—å—Ç–∞—Ç–∞—Ö –∏—Ö –∏—Å–ø–æ–ª—å–∑–æ–≤–∞–Ω–∏—è –≤¬†–í–°–ö.",–ë–ª–æ–≥ –∫–æ–º–ø–∞–Ω–∏–∏ –°—Ç—Ä–∞—Ö–æ–≤–æ–π –î–æ–º –í–°–ö IT-–∏–Ω—Ñ—Ä–∞—Å—Ç—Ä—É–∫—Ç—É—Ä–∞ *
"2023-03-01, 09:00",–ù–∞ —Å–∫–µ–π—Ç–µ –∑–∞ 40,"–í—Å–µ–º –ø—Ä–∏–≤–µ—Ç! –°—Ç–∞—Ç—å—è¬†–±—ã–ª–∞ –Ω–∞–ø–∏—Å–∞–Ω–∞ –Ω–µ–∑–∞–¥–æ–ª–≥–æ –¥–æ¬†–ø–µ—á–∞–ª—å–Ω—ã—Ö —Å–æ–±—ã—Ç–∏–π –∏ –æ–ø—É–±–ª–∏–∫–æ–≤–∞—Ç—å –µ–µ –ø–æ–¥–≤–∏–≥–ª–∏ –∫–æ–º–º–µ–Ω—Ç–∞—Ä–∏–∏ –∫ —ç—Ç–æ–º—É –º–∞—Ç–µ—Ä–∏–∞–ª—É –∞¬†–∏–º–µ–Ω–Ω–æ, –≥–¥–µ –±—Ä–∞—Ç—å –º–æ—Ç–∏–≤–∞—Ü–∏—é –∫¬†–¥–≤–∏–∂–µ–Ω–∏—é–ù–µ¬†—Å—É–¥–∏—Ç–µ —Å—Ç—Ä–æ–≥–æ, –ø–æ–µ—Ö–∞–ª–∏–°–∫–æ–ª—å–∂–µ–Ω–∏–µ –≤¬†—Ç—Ä—É–±–µ¬†‚Äî —ç—Ç–æ –ª—É—á—à–µ–µ —á—Ç–æ¬†–µ—Å—Ç—å –≤¬†—Å–µ—Ä—Ñ–∏–Ω–≥–µ, –Ω–µ—Å–µ—à—å—Å—è –ø–æ–¥¬†–≥—Ä–µ–±–Ω–µ–º, –∏, —ç—Ç–æ —Å—á–∞—Å—Ç—å–µ... (–ú—É–ª—å—Ç—Ñ–∏–ª—å–º ¬´–õ–æ–≤–∏ –≤–æ–ª–Ω—É¬ª)–í–µ–¥—å –≤—Å—ë¬†–∂–µ –ø—Ä–æ—Å—Ç–æ. –í—ã¬†–ª–∏–±–æ —Ö–æ—Ç–∏—Ç–µ,¬†–ª–∏–±–æ –Ω–µ—Ç, –≤¬†—á—ë–º –∑–∞–≥–≤–æ–∑–¥–∫–∞? (–î–∂–æ—Ä–¥–∂ –ö–∞—Ä–ª–∏–Ω)–ú–Ω–µ —É–∂–µ –º–Ω–æ–≥–æ–µ –ø–æ–∑–¥–Ω–æ. –ú–Ω–µ —É–∂–µ –º–Ω–æ–≥–∏–º –Ω–µ¬†—Å—Ç–∞—Ç—å. (–Æ—Ä–∏–π –õ–æ–∑–∞)",–õ–∞–π—Ñ—Ö–∞–∫–∏ –¥–ª—è –≥–∏–∫–æ–≤ –ó–¥–æ—Ä–æ–≤—å–µ
"2023-03-01, 08:50",5 –≤—Ä–µ–¥–Ω—ã—Ö —Å–æ–≤–µ—Ç–æ–≤ –Ω–∞—á–∏–Ω–∞—é—â–µ–º—É —Ç–µ—Å—Ç–∏—Ä–æ–≤—â–∏–∫—É,"–í—Å–µ–º –ø—Ä–∏–≤–µ—Ç! –ú–µ–Ω—è –∑–æ–≤—É—Ç –ù–∞—Ç–∞—à–∞, –∏ —è —É–∂–µ –≥–æ–¥ —è–≤–ª—è—é—Å—å —Ç–µ—Å—Ç–∏—Ä–æ–≤—â–∏–∫–æ–º –≤¬†–∫–æ–º–ø–∞–Ω–∏–∏ Usetech. –≠—Ç–æ –º–æ—è –≤—Ç–æ—Ä–∞—è —Å—Ç–∞—Ç—å—è –∏–∑¬†—Å–µ—Ä–∏–∏ —Å—Ç–∞—Ç–µ–π, –ø–æ—Å–≤—è—â–µ–Ω–Ω—ã—Ö –Ω–∞—á–∏–Ω–∞—é—â–∏–º —Å–ø–µ—Ü–∏–∞–ª–∏—Å—Ç–∞–º, –≤¬†–∫–æ—Ç–æ—Ä–æ–π —è —Ö–æ—á—É –ø–æ–¥–µ–ª–∏—Ç—å—Å—è —Å–≤–æ–∏–º–∏ –∏—Å—Ç–æ—Ä–∏—è–º–∏ –∏ –æ–ø—ã—Ç–æ–º —Ä–∞–±–æ—Ç—ã. –ü—Ä–µ–¥—ã–¥—É—â—É—é —Å—Ç–∞—Ç—å—é –≤—ã –º–æ–∂–µ—Ç–µ –ø—Ä–æ—á–∏—Ç–∞—Ç—å –ø–æ —Å—Å—ã–ª–∫–µ. –≠—Ç–∞ —Å—Ç–∞—Ç—å—è –≤¬†–ø–µ—Ä–≤—É—é –æ—á–µ—Ä–µ–¥—å –ø—Ä–µ–¥–Ω–∞–∑–Ω–∞—á–µ–Ω–∞ –¥–ª—è¬†–Ω–∞—á–∏–Ω–∞—é—â–∏—Ö —Ç–µ—Å—Ç–∏—Ä–æ–≤—â–∏–∫–æ–≤, –∞¬†—Å—Ç–∞—Ä—à–∏–º –∫–æ–ª–ª–µ–≥–∞–º, –≤–æ–∑–º–æ–∂–Ω–æ, –∑–∞—Ö–æ—á–µ—Ç—Å—è –ø–æ–¥–µ–ª–∏—Ç—å—Å—è —Å–≤–æ–∏–º–∏ —Å–æ–≤–µ—Ç–∞–º–∏ –≤¬†–∫–æ–º–º–µ–Ω—Ç–∞—Ä–∏—è—Ö.–í¬†–∏–Ω—Ç–µ—Ä–Ω–µ—Ç–µ –º–æ–∂–Ω–æ –Ω–∞–π—Ç–∏ –º–Ω–æ–≥–æ —Å—Ç–∞—Ç–µ–π –ø–æ¬†–∑–∞–ø—Ä–æ—Å—É ¬´–ß–¢–û –ù–£–ñ–ù–û –∑–Ω–∞—Ç—å –Ω–∞—á–∏–Ω–∞—é—â–µ–º—É —Ç–µ—Å—Ç–∏—Ä–æ–≤—â–∏–∫—É¬ª‚Ä¶ –ö–ê–ö¬†–ü–†–ê–í–ò–õ–¨–ù–û‚Ä¶ –ß–¢–û¬†–í–ê–ñ–ù–û‚Ä¶ –ü–†–ò–ú–ï–†–´‚Ä¶ –®–ê–ë–õ–û–ù–´‚Ä¶–ù–æ¬†–æ—á–µ–Ω—å –º–∞–ª–æ –≥–¥–µ —Ä–∞–∑–±–∏—Ä–∞—é—Ç —Ç–æ, —á—Ç–æ¬†–ø–æ–ª—É—á–∞–µ—Ç—Å—è –Ω–∞¬†–¥–µ–ª–µ –∏ –∫–∞–∫¬†–ø—Ä–∏–π—Ç–∏ –æ—Ç ¬´–Ω–µ–ø—Ä–∞–≤–∏–ª—å–Ω–æ¬ª –∫¬†—Ç–æ–º—É —Å–∞–º–æ–º—É ¬´–≤–æ—Ç —Ç–∞–∫ –Ω–∞–¥–æ¬ª. –ü—Ä–µ–¥–ª–∞–≥–∞—é —Ä–∞—Å—Å–º–æ—Ç—Ä–µ—Ç—å 5¬†–Ω–µ¬†—Å–æ–≤—Å–µ–º –≤—ã–¥—É–º–∞–Ω–Ω—ã—Ö, –∞¬†–¥–∞–∂–µ –æ—á–µ–Ω—å —Ä–µ–∞–ª—å–Ω—ã—Ö —Å–∏—Ç—É–∞—Ü–∏–π. –ó–∞–≤–∞—Ä–∏–≤–∞–µ–º —á–∞—à–∫—É —á–∞—è, –∑–∞–∫—É—Ç—ã–≤–∞–µ–º—Å—è –≤¬†–ø–ª–µ–¥ –∏ –Ω–∞—á–∏–Ω–∞–µ–º!:)",–ë–ª–æ–≥ –∫–æ–º–ø–∞–Ω–∏–∏ Usetech –¢–µ—Å—Ç–∏—Ä–æ–≤–∞–Ω–∏–µ –≤–µ–±-—Å–µ—Ä–≤–∏—Å–æ–≤ *–¢–µ—Å—Ç–∏—Ä–æ–≤–∞–Ω–∏–µ –º–æ–±–∏–ª—å–Ω—ã—Ö –ø—Ä–∏–ª–æ–∂–µ–Ω–∏–π *–ö–∞—Ä—å–µ—Ä–∞ –≤ IT-–∏–Ω–¥—É—Å—Ç—Ä–∏–∏
"2023-03-01, 07:00",–û–±—ä—è—Å–Ω–µ–Ω–∏–µ NFT –ø—Ä–æ—Å—Ç—ã–º–∏ —Å–ª–æ–≤–∞–º–∏ –Ω–∞ –ø—Ä–∏–º–µ—Ä–µ NFT –ø–ª–∞—Ç—Ñ–æ—Ä–º –∏ –ø–µ—á–µ–Ω–µ–∫ Oreo,"–°–µ–≥–æ–¥–Ω—è —è —Ö–æ—á—É —Ä–∞—Å—Å–∫–∞–∑–∞—Ç—å –≤–∞–º –æ¬†—Ç–æ–º, —á—Ç–æ¬†–∂–µ —Ç–∞–∫–æ–µ NFT –ø—Ä–æ—Å—Ç—ã–º–∏ —Å–ª–æ–≤–∞–º–∏ –Ω–∞ –ø—Ä–∏–º–µ—Ä–∞—Ö —Å –ø–µ—á–µ–Ω—å–∫–∞–º–∏ (–¥–∞–≤–∞–π—Ç–µ –≤–æ–∑—å–º—ë–º Oreo –¥–ª—è –Ω–∞–≥–ª—è–¥–Ω–æ—Å—Ç–∏). –¢–∞–∫–æ–π –ø–æ–¥—Ö–æ–¥ —è –ø—Ä–∞–∫—Ç–∏–∫–æ–≤–∞–ª –¥–ª—è –Ω–æ–≤—ã—Ö —Ä–µ–±—è—Ç –Ω–∞ –ø—Ä–æ–µ–∫—Ç–µ. –í—Å–µ —Å–ª—ã—à–∞–ª–∏ –æ–± NFT, –Ω–æ –Ω–∏–∫—Ç–æ –Ω–µ –º–æ–≥ –¥–æ –∫–æ–Ω—Ü–∞ –æ–±—ä—è—Å–Ω–∏—Ç—å, —á—Ç–æ –∂–µ —ç—Ç–æ —Ç–∞–∫–æ–µ. –°–∞–º —è - QA, –∫–æ—Ç–æ—Ä—ã–π —Ä–∞–±–æ—Ç–∞–ª –Ω–∞ —Ä–∞–∑–Ω—ã—Ö NFT –ø–ª–∞—Ç—Ñ–æ—Ä–º–∞—Ö –∏ –∑–∞ –≥–æ–¥ —Ä–∞–±–æ—Ç—ã –Ω–∞ —Ç–∞–∫–∏—Ö –ø–ª–∞—Ç—Ñ–æ—Ä–º–∞—Ö –≤—ã—Ä–∞–±–æ—Ç–∞–ª –ø—Ä–æ—Å—Ç–æ–π –∏ –Ω–∞–≥–ª—è–¥–Ω—ã–π –ø—Ä–∏–º–µ—Ä-—Ä–∞—Å—Å–∫–∞–∑, –∫–æ—Ç–æ—Ä—ã–º —Ö–æ—á—É –ø–æ–¥–µ–ª–∏—Ç—å—Å—è –∏ —Å –≤–∞–º–∏. –ö—Ä–æ–º–µ —Å–∞–º–∏—Ö –ø–µ—á–µ–Ω–µ–∫ –Ω–∞–º –ø—Ä–∏–¥—ë—Ç—Å—è –æ–∫—É–Ω—É—Ç—å—Å—è –Ω–µ–º–Ω–æ–≥–æ –≤ –∞—Ç–º–æ—Å—Ñ–µ—Ä—É 90-—Ö –∏ 2000-—Ö, –∞ –∏–º–µ–Ω–Ω–æ –≤—Å–ø–æ–º–Ω–∏—Ç—å –ø—Ä–æ –ø–∞—á–∫–∏ —Å¬†–Ω–∞–∫–ª–µ–π–∫–∞–º–∏ –¥–ª—è¬†–∂—É—Ä–Ω–∞–ª–æ–≤ –ø–æ –º–æ—Ç–∏–≤–∞–º —Ñ–∏–ª—å–º–æ–≤, –º—É–ª—å—Ç—Ñ–∏–ª—å–º–æ–≤, –∏–≥—Ä –∏ —Ç–∞–∫ –¥–∞–ª–µ–µ. –í 2-—Ö —Å–ª–æ–≤–∞—Ö - —á—Ç–æ —Ç–∞–∫–æ–µ NFT –∏ –ø–ª–∞—Ç—Ñ–æ—Ä–º—ã –ø–æ –ø—Ä–æ–¥–∞–∂–µ NFT–î–∞–≤–∞–π—Ç–µ –≤¬†–Ω–µ—Å–∫–æ–ª—å–∫–∏—Ö —Å–ª–æ–≤–∞—Ö –æ¬†—Ç–æ–º, —á—Ç–æ¬†—Ç–∞–∫–æ–µ NFT –∏ –∫–∞–∫¬†—Å¬†–Ω–∏–º–∏ —Ä–∞–±–æ—Ç–∞—é—Ç.NFT (non‚Äëfungible token)¬†‚Äî –ù–µ–≤–∑–∞–∏–º–æ–∑–∞–º–µ–Ω—è–µ–º—ã–π —Ç–æ–∫–µ–Ω, –∫–æ—Ç–æ—Ä—ã–π –ø—Ä–µ–¥—Å—Ç–∞–≤–ª—è–µ—Ç —Å–æ–±–æ–π –∫—Ä–∏–ø—Ç–æ–≥—Ä–∞—Ñ–∏—á–µ—Å–∫–∏–π —Å–µ—Ä—Ç–∏—Ñ–∏–∫–∞—Ç —Ü–∏—Ñ—Ä–æ–≤–æ–≥–æ –æ–±—ä–µ–∫—Ç–∞ —Å¬†–≤–æ–∑–º–æ–∂–Ω–æ—Å—Ç—å—é –ø–µ—Ä–µ–¥–∞–≤–∞—Ç—å —Å–µ—Ä—Ç–∏—Ñ–∏–∫–∞—Ç —á–µ—Ä–µ–∑ –º–µ—Ö–∞–Ω–∏–∑–º, –ø—Ä–∏–º–µ–Ω—è–µ–º—ã–π –≤¬†–∫—Ä–∏–ø—Ç–æ–≤–∞–ª—é—Ç–∞—Ö (–±–ª–æ–∫—á–µ–π–Ω). –°–∞–º –ø–æ¬†—Å–µ–±–µ —Ç–æ–∫–µ–Ω –Ω–µ¬†—è–≤–ª—è–µ—Ç—Å—è –ø–æ–¥—Ç–≤–µ—Ä–∂–¥–µ–Ω–∏–µ–º –ø—Ä–∞–≤–∞ –Ω–∞¬†–≤–ª–∞–¥–µ–Ω–∏–µ —Ü–∏—Ñ—Ä–æ–≤—ã–º –∞–∫—Ç–∏–≤–æ–º –≤¬†–∫–æ–Ω—Ç–µ–∫—Å—Ç–µ –∑–∞–∫–æ–Ω–æ–¥–∞—Ç–µ–ª—å—Å—Ç–≤–∞ –æ–±¬†–∞–≤—Ç–æ—Ä—Å–∫–æ–º –ø—Ä–∞–≤–µ. NFT –Ω–µ¬†–ø—Ä–µ–ø—è—Ç—Å—Ç–≤—É–µ—Ç –∫–æ–ø–∏—Ä–æ–≤–∞–Ω–∏—é –æ–±—ä–µ–∫—Ç–∞, –æ–Ω —Ç–æ–ª—å–∫–æ –∑–∞–∫—Ä–µ–ø–ª—è–µ—Ç –∑–∞¬†–≤–ª–∞–¥–µ–ª—å—Ü–µ–º ¬´—Ü–∏—Ñ—Ä–æ–≤—É—é —Ñ–∏—à–∫—É¬ª, —Å–æ–∑–¥–∞–Ω–Ω—É—é –Ω–∞¬†–æ—Å–Ω–æ–≤–µ –æ–¥–Ω–æ–≥–æ –∏–∑¬†—ç–∫–∑–µ–º–ø–ª—è—Ä–æ–≤ —Ü–∏—Ñ—Ä–æ–≤–æ–≥–æ –∞—Ä—Ç–µ—Ñ–∞–∫—Ç–∞. –ß—Ç–æ¬†–∂–µ —ç—Ç–æ –∑–Ω–∞—á–∏—Ç –¥–ª—è¬†–≤–∞—Å —Å¬†–Ω–∞–º–∏ —Å–æ —Å—Ç–æ—Ä–æ–Ω—ã –ø–ª–∞—Ç—Ñ–æ—Ä–º–æ–¥–µ—Ä–∂–∞—Ç–µ–ª–µ–π NFT? –ù–∞—á–Ω—ë–º¬†–∂–µ –Ω–∞—à–∏ –Ω–µ–¥–∏–µ—Ç–∏—á–µ—Å–∫–∏–µ –∞–Ω–∞–ª–æ–≥–∏–∏. ¬´–ö—Ä–∏–ø—Ç–æ–≥—Ä–∞—Ñ–∏—á–µ—Å–∫–∏–π —Å–µ—Ä—Ç–∏—Ñ–∏–∫–∞—Ç¬ª –º–æ–∂–Ω–æ —Å—Ä–∞–≤–Ω–∏—Ç—å —Å¬†—É–Ω–∏–∫–∞–ª—å–Ω—ã–º —à—Ç–∞–º–ø–æ–º –∏–ª–∏¬†—à—Ç—Ä–∏—Ö–∫–æ–¥–æ–º (bar code) –Ω–∞¬†–æ–±—Ä–∞—Ç–Ω–æ–π —Å—Ç–æ—Ä–æ–Ω–µ —É–ø–∞–∫–æ–≤–∫–∏ –æ—Ç¬†–ø–µ—á–µ–Ω–µ–∫, —Ç–æ–ª—å–∫–æ —ç—Ç–æ—Ç —à—Ç—Ä–∏—Ö–∫–æ–¥ –µ—Å—Ç—å –Ω–∞¬†–∫–∞–∂–¥–æ–π –∫–æ–Ω–∫—Ä–µ—Ç–Ω–æ–π –ø–µ—á–µ–Ω—å–∫–µ –ù–§–¢—à–∫–µ.",–ö—Ä–∏–ø—Ç–æ–≤–∞–ª—é—Ç—ã
"2023-03-01, 04:32",–í–∞–Ω—à–æ—Ç ¬´–ì–Ω–æ–º—Ä–µ–≥–∞–Ω¬ª –ø–æ –≤—Å–µ–ª–µ–Ω–Ω–æ–π WoW –¥–ª—è Foundry VTT,"–•–æ—á—É –ø–æ–¥–µ–ª–∏—Ç—å—Å—è —Å¬†–≤–∞–º–∏ —Å–≤–æ–µ–π —Ä–µ–∞–ª–∏–∑–∞—Ü–∏–µ–π –∏–Ω—Ç–µ—Ä–µ—Å–Ω–æ–≥–æ –≤–∞–Ω—à–æ—Ç–∞ ¬´–ì–Ω–æ–º—Ä–µ–≥–∞–Ω¬ª –ø–æ¬†–≤—Å–µ–ª–µ–Ω–Ω–æ–π World of Warcraft –≤¬†Foundry VTT:)–¢–∞–∫ —á—Ç–æ¬†–µ—Å–ª–∏ –≤—ã –º–∞—Å—Ç–µ—Ä, –∏–≥—Ä–æ–∫ –∏–ª–∏¬†–≤–∞–º –ø—Ä–æ—Å—Ç–æ –∏–Ω—Ç–µ—Ä–µ—Å–Ω–æ, —Ç–æ –¥–æ–±—Ä–æ –ø–æ–∂–∞–ª–æ–≤–∞—Ç—å!",–†–∞–∑—Ä–∞–±–æ—Ç–∫–∞ –∏–≥—Ä *–î–∏–∑–∞–π–Ω –∏–≥—Ä *
"2023-03-01, 02:10","Apache NiFi. –ó–∞–ø—É—Å–∫ Pipeline —Ç–æ–≥–¥–∞, –∫–æ–≥–¥–∞ –Ω–∞–¥–æ","–î–æ–±—Ä—ã–π –¥–µ–Ω—å. –ú–µ–Ω—è –∑–æ–≤—É—Ç –ò–≤–∞–Ω, —è –¥–∞—Ç–∞‚Äë–∏–Ω–∂–µ–Ω–µ—Ä, –æ—Å–Ω–æ–≤–Ω–æ–π –ø—Ä–æ—Ñ–∏–ª—å¬†‚Äî –¥–æ—Å—Ç–∞–≤–∫–∞ –¥–∞–Ω–Ω—ã—Ö –æ—Ç¬†–∏—Å—Ç–æ—á–Ω–∏–∫–æ–≤ –¥–æ¬†—Ü–µ–ª–µ–≤—ã—Ö —Å–∏—Å—Ç–µ–º DWH. –ß–∞—â–µ –≤—Å–µ–≥–æ —Ä–∞–±–æ—Ç–∞—é —Å¬†Apache NIFI. –í¬†–¥–∞–Ω–Ω–æ–π —Å—Ç–∞—Ç—å–µ —è —Ä–∞—Å—Å–∫–∞–∂—É –æ¬†–≤–∞—Ä–∏–∞–Ω—Ç–∞—Ö —Å—Ç–∞—Ä—Ç–∞ PipeLine –æ–±—Ä–∞–±–æ—Ç–∫–∏ –¥–∞–Ω–Ω—ã—Ö –≤¬†—Ç—Ä–µ–±—É–µ–º–æ–µ –≤—Ä–µ–º—è. –°—Ç–∞—Ç—å—è –ø–æ–¥–æ–π–¥–µ—Ç –Ω–æ–≤–∏—á–∫–∞–º, –æ–ø—ã—Ç–Ω—ã–µ –∫–æ–ª–ª–µ–≥–∏ –º–æ–≥—É—Ç –¥–æ–ø–æ–ª–Ω–∏—Ç—å –≤¬†–∫–æ–º–º–µ–Ω—Ç–∞—Ä–∏—è—Ö.",Open source *Data Engineering *–í–∏–∑—É–∞–ª—å–Ω–æ–µ –ø—Ä–æ–≥—Ä–∞–º–º–∏—Ä–æ–≤–∞–Ω–∏–µ *
"2023-03-01, 01:41",–ù–∞–≤–µ—è–Ω–æ –ø—Ä–æ–±–ª–µ–º–æ–π —á–µ—Ç—ã—Ä—ë—Ö –∫—Ä–∞—Å–æ–∫,"–ö–∞–∫ –∏–∑–≤–µ—Å—Ç–Ω–æ, –ü—Ä–æ–±–ª–µ–º–∞ —á–µ—Ç—ã—Ä—ë—Ö –∫—Ä–∞—Å–æ–∫ —Ä–µ—à–µ–Ω–∞ –≤ —Ä–µ–∑—É–ª—å—Ç–∞—Ç–µ –ø–µ—Ä–µ–±–æ—Ä–∞ –≤–∞—Ä–∏–∞–Ω—Ç–æ–≤ –Ω–∞ –∫–æ–º–ø—å—é—Ç–µ—Ä–µ. –ù–æ –Ω–µ –≤—Å–µ –º–∞—Ç–µ–º–∞—Ç–∏–∫–∏ —Å–æ–≥–ª–∞—Å–Ω—ã —Å —Ç–∞–∫–∏–º —Ä–µ—à–µ–Ω–∏–µ–º, –ø–æ—Å–∫–æ–ª—å–∫—É –≤–æ–∑–Ω–∏–∫–∞—é—Ç —Å–ª–æ–∂–Ω–æ—Å—Ç–∏ —Å –ø—Ä–æ–≤–µ—Ä–∫–æ–π –æ—Ç—Å—É—Ç—Å—Ç–≤–∏—è –æ—à–∏–±–æ–∫.–î–ª—è –Ω–µ–ø–æ—Å–≤—è—â—ë–Ω–Ω—ã—Ö‚Ä¶ –ü—Ä–æ–±–ª–µ–º–∞ —á–µ—Ç—ã—Ä—ë—Ö –∫—Ä–∞—Å–æ–∫ —Ñ–æ—Ä–º—É–ª–∏—Ä—É–µ—Ç—Å—è –æ—á–µ–Ω—å –ø—Ä–æ—Å—Ç–æ: ¬´–î–ª—è —Ä–∞—Å–∫—Ä–∞—Å–∫–∏ –ª—é–±–æ–π –∫–∞—Ä—Ç—ã –Ω–∞ –ø–ª–æ—Å–∫–æ—Å—Ç–∏ –¥–æ—Å—Ç–∞—Ç–æ—á–Ω–æ —á–µ—Ç—ã—Ä—ë—Ö –∫—Ä–∞—Å–æ–∫¬ª.–ü—Ä–∏ —ç—Ç–æ–º, –µ—Å–ª–∏ –æ–±–ª–∞—Å—Ç–∏ (—Å—Ç—Ä–∞–Ω—ã) ¬´–∫–∞—Å–∞—é—Ç—Å—è¬ª —Ç–æ–ª—å–∫–æ –≤ –æ–¥–Ω–æ–π —Ç–æ—á–∫–µ, —Ç–æ —Å—á–∏—Ç–∞–µ—Ç—Å—è, —á—Ç–æ –æ–Ω–∏ –Ω–µ –≥—Ä–∞–Ω–∏—á–∞—Ç –∏ –∏—Ö –º–æ–∂–Ω–æ —Ä–∞—Å–∫—Ä–∞—Å–∏—Ç—å –≤ –æ–¥–∏–Ω –∏ —Ç–æ—Ç –∂–µ —Ü–≤–µ—Ç. –¢–∞–∫, –Ω–∞–ø—Ä–∏–º–µ—Ä, –¥–ª—è —Ä–∞—Å–∫—Ä–∞—Å–∫–∏ –∫–ª–µ—Ç–æ–∫ —à–∞—Ö–º–∞—Ç–Ω–æ–π –¥–æ—Å–∫–∏ –¥–æ—Å—Ç–∞—Ç–æ—á–Ω–æ –¥–≤—É—Ö —Ü–≤–µ—Ç–æ–≤.–ë–æ–ª–µ–µ —Ç–æ–≥–æ, –ú–∞—Ä—Ç–∏–Ω –ì–∞—Ä–¥–Ω–µ—Ä –≤ –∫–Ω–∏–≥–µ ¬´–ú–∞—Ç–µ–º–∞—Ç–∏—á–µ—Å–∫–∏–µ –≥–æ–ª–æ–≤–æ–ª–æ–º–∫–∏ –∏ —Ä–∞–∑–≤–ª–µ—á–µ–Ω–∏—è¬ª —É–ø–æ–º–∏–Ω–∞–µ—Ç, —á—Ç–æ –¥–æ–∫–∞–∑–∞–Ω–∞ —Ç–µ–æ—Ä–µ–º–∞ ¬´–æ –¥–≤—É—Ö—Ü–≤–µ—Ç–Ω—ã—Ö –∫–∞—Ä—Ç–∞—Ö¬ª, –∫–æ—Ç–æ—Ä–∞—è —É—Ç–≤–µ—Ä–∂–¥–∞–µ—Ç, —á—Ç–æ ¬´–ª—é–±—É—é –∫–∞—Ä—Ç—É –Ω–∞ –ø–ª–æ—Å–∫–æ—Å—Ç–∏ –º–æ–∂–Ω–æ —Ä–∞—Å–∫—Ä–∞—Å–∏—Ç—å –≤ –¥–≤–∞ —Ü–≤–µ—Ç–∞ —Ç–æ–≥–¥–∞ –∏ —Ç–æ–ª—å–∫–æ —Ç–æ–≥–¥–∞, –∫–æ–≥–¥–∞ –≤—Å–µ –µ—ë –≤–µ—Ä—à–∏–Ω—ã —á—ë—Ç–Ω—ã¬ª (–∑–¥–µ—Å—å, ¬´–≤–µ—Ä—à–∏–Ω–æ–π¬ª –Ω–∞–∑—ã–≤–∞–µ—Ç—Å—è —Ç–æ—á–∫–∞, –≤ –∫–æ—Ç–æ—Ä–æ–π —Å—Ö–æ–¥—è—Ç—Å—è –≥—Ä–∞–Ω–∏—Ü—ã –±–æ–ª–µ–µ –¥–≤—É—Ö —Å—Ç—Ä–∞–Ω).* * *–°–æ–∑–¥–∞–ª –æ—á–µ–Ω—å –ù–ï–∏–Ω—Ç–µ—Ä–µ—Å–Ω—É—é –∏–≥—Ä—É, –Ω–∞–≤–µ—è–Ω–Ω—É—é —ç—Ç–æ–π –ü—Ä–æ–±–ª–µ–º–æ–π.",–ü—Ä–æ–≥—Ä–∞–º–º–∏—Ä–æ–≤–∞–Ω–∏–µ *Delphi *–ê–ª–≥–æ—Ä–∏—Ç–º—ã *–ú–∞—Ç–µ–º–∞—Ç–∏–∫–∞ *
"2023-03-01, 01:25",–ë—É–¥–Ω–∏ –∞—Ä—Ö–∏—Ç–µ–∫—Ç–æ—Ä–∞ —Ä–µ—à–µ–Ω–∏–π. –ò–ª–∏ –∫—Ç–æ –æ–Ω —Ç–∞–∫–æ–π –∏ —á–µ–º –∑–∞–Ω–∏–º–∞–µ—Ç—Å—è –∫–∞–∂–¥—ã–π –¥–µ–Ω—å?,"–ê—Ä—Ö–∏—Ç–µ–∫—Ç–æ—Ä –∏–∑ –∫—Ä—É–ø–Ω–æ–≥–æ —Ä–æ—Å—Å–∏–π—Å–∫–æ–≥–æ –±–∞–Ω–∫–∞, –ø—Ä–µ–¥–ª–∞–≥–∞–µ—Ç –ø—Ä–æ—Å—Ç–æ–µ –ø—Ä–µ–¥—Å—Ç–∞–≤–ª–µ–Ω–∏–µ, —á—Ç–æ –¥–µ–ª–∞–µ—Ç –∞—Ä—Ö–∏—Ç–µ–∫—Ç–æ—Ä —Ä–µ—à–µ–Ω–∏–π, –∫–∞–∫–∏–º–∏ –Ω–∞–≤—ã–∫–∞–º–∏ –æ–Ω –¥–æ–ª–∂–µ–Ω –æ–±–ª–∞–¥–∞—Ç—å, –∏ –∫–∞–∫ –æ–±—ã—á–Ω–æ —É—Å—Ç—Ä–æ–µ–Ω –µ–≥–æ –¥–µ–Ω—å.–ö–æ–º—É-—Ç–æ —Å—Ç–∞—Ç—å—è –ø–æ–º–æ–∂–µ—Ç —Ä–∞–∑–≤–µ—è—Ç—å –æ—Å–Ω–æ–≤–Ω—ã–µ –∑–∞–±–ª—É–∂–¥–µ–Ω–∏—è –æ –ø—Ä–æ—Ñ–µ—Å—Å–∏–∏, –∫–æ–º—É-—Ç–æ —Å–æ—Å—Ç–∞–≤–∏—Ç—å –∫–∞—Ä—Ç—É —Ä–∞–∑–≤–∏—Ç–∏—è –≤ —Å–ø–µ—Ü–∏–∞–ª—å–Ω–æ—Å—Ç–∏, –∞ –∫–æ–º—É-—Ç–æ –Ω–∞–∫–æ–Ω–µ—Ü –ø—Ä–∏–Ω—è—Ç—å —Ä–µ—à–µ–Ω–∏–µ, —Ö–æ—á–µ—Ç –ª–∏ –æ–Ω/–æ–Ω–∞ –±—ã—Ç—å –∞—Ä—Ö–∏—Ç–µ–∫—Ç–æ—Ä–æ–º —Ä–µ—à–µ–Ω–∏–π.",–ö–∞—Ä—å–µ—Ä–∞ –≤ IT-–∏–Ω–¥—É—Å—Ç—Ä–∏–∏
"2023-03-01, 01:07",–ê—Ä—Ö–∏—Ç–µ–∫—Ç—É—Ä–∞ –ø–æ—Ç–æ–∫–æ–≤–æ–π –æ–±—Ä–∞–±–æ—Ç–∫–∏ –º–µ–¥–∏–∞-–¥–∞–Ω–Ω—ã—Ö,"–ß—Ç–æ¬†—Ç–∞–∫–æ–µ –ø–æ—Ç–æ–∫ –º—É–ª—å—Ç–∏–º–µ–¥–∏–∞? –û–±—ã—á–Ω–æ —ç—Ç–æ –ø–æ—Ç–æ–∫–æ–≤–æ–µ –∞—É–¥–∏–æ –∏–ª–∏¬†–≤–∏–¥–µ–æ.–°—É—â–µ—Å—Ç–≤—É–µ—Ç –º–Ω–æ–∂–µ—Å—Ç–≤–æ –∏—Å—Ç–æ—á–Ω–∏–∫–æ–≤ —Ç–∞–∫–∏—Ö –¥–∞–Ω–Ω—ã—Ö:¬†‚Äî –í–µ–±‚Äë–∫–∞–º–µ—Ä—ã, —Å–µ—Ç–µ–≤—ã–µ ip‚Äë–∫–∞–º–µ—Ä—ã¬†‚Äî –ó–≤–æ–Ω–∫–∏ –∏–∑¬†call‚Äë—Ü–µ–Ω—Ç—Ä–æ–≤ (–∑–∞–ø–∏—Å—ã–≤–∞—é—Ç—Å—è –∏ –∞–Ω–∞–ª–∏–∑–∏—Ä—É—é—Ç—Å—è!)¬†‚Äî –°—Ç—Ä–∏–º—ã –∏–≥—Ä –Ω–∞¬†—é—Ç—É–±¬†‚Äî –∏¬†—Ç.¬†–¥.",–ë–ª–æ–≥ –∫–æ–º–ø–∞–Ω–∏–∏ OTUS –ü—Ä–æ–≥—Ä–∞–º–º–∏—Ä–æ–≤–∞–Ω–∏–µ *–•—Ä–∞–Ω–µ–Ω–∏–µ –¥–∞–Ω–Ω—ã—Ö *
"2023-03-01, 00:56",–ß—Ç–æ —Ç–∞–∫–æ–µ —ç–∫—Å–ø–ª–æ—Ä–µ—Ä—ã –±–ª–æ–∫—á–µ–π–Ω–∞. –ö–∞–∫ —á–∏—Ç–∞—Ç—å –∏—Å—Ç–æ—Ä–∏—é —Ç—Ä–∞–Ω–∑–∞–∫—Ü–∏–π –≤ –æ–±–æ–∑—Ä–µ–≤–∞—Ç–µ–ª–µ –±–ª–æ–∫–æ–≤,–ó–∞—á–µ–º –Ω—É–∂–µ–Ω –æ–±–æ–∑—Ä–µ–≤–∞—Ç–µ–ª—å –±–ª–æ–∫—á–µ–π–Ω–∞ –∏ –∫–∞–∫ —Å–º–æ—Ç—Ä–µ—Ç—å —Ç—Ä–∞–Ω–∑–∞–∫—Ü–∏–∏ –≤ –±–ª–æ–∫–µ.–ö—Ä–∞—Ç–∫–æ–µ —Å–æ–¥–µ—Ä–∂–∞–Ω–∏–µ:–ß—Ç–æ —Ç–∞–∫–æ–µ —ç–∫—Å–ø–ª–æ—Ä–µ—Ä –±–ª–æ–∫—á–µ–π–Ω–∞–ó–∞—á–µ–º –Ω—É–∂–Ω—ã –æ–±–æ–∑—Ä–µ–≤–∞—Ç–µ–ª–∏ –±–ª–æ–∫–æ–≤–ù–∞—á–∞–ª–æ —Ä–∞–±–æ—Ç—ã c Etherscan–ö–∞–∫ —á–∏—Ç–∞—Ç—å —Å–æ–¥–µ—Ä–∂–∏–º–æ–µ —Ç—Ä–∞–Ω–∑–∞–∫—Ü–∏–∏ –≤ Etherscan–î—Ä—É–≥–∏–µ –æ–±–æ–∑—Ä–µ–≤–∞—Ç–µ–ª–∏,–†–∞—Å–ø—Ä–µ–¥–µ–ª—ë–Ω–Ω—ã–µ —Å–∏—Å—Ç–µ–º—ã *–ö—Ä–∏–ø—Ç–æ–≤–∞–ª—é—Ç—ã
"2023-03-01, 00:05","–í—ã–≤–æ–¥ —Å–ø—Ä–∞–π—Ç–æ–≤, —Å–æ–∑–¥–∞–Ω–∏–µ –∞–Ω–∏–º–∞—Ü–∏–∏, –ø—Ä–æ–≥—Ä–∞–º–º–∏—Ä–æ–≤–∞–Ω–∏–µ nes/famicom/dendy","–†–∞–Ω–µ–µ —è —É–∂–µ –ø–∏—Å–∞–ª —Å—Ç–∞—Ç—å—é –æ¬†–≤—ã–≤–æ–¥–µ —Å–ø—Ä–∞–π—Ç–æ–≤–æ–π –≥—Ä–∞—Ñ–∏–∫–∏ –Ω–∞¬†—ç–∫—Ä–∞–Ω–∞ —Å¬†–∏—Å–ø–æ–ª—å–∑–æ–≤–∞–Ω–∏–µ–º —Ä–µ–≥–∏—Å—Ç—Ä–∞ OAMDATA ($2004), –Ω–æ¬†—ç—Ç–æ –ø–æ–¥—Ö–æ–¥–∏—Ç¬†–ª–∏—à—å –¥–ª—è¬†—ç–∫—Å–ø–µ—Ä–∏–º–µ–Ω—Ç–æ–≤ –∏ –≤—ã–≤–æ–¥–∞ –Ω–µ–∫–æ–π —Å—Ç–∞—Ç–∏—á–µ—Å–∫–æ–π –∫–∞—Ä—Ç–∏–Ω–∫–∏. –ù–æ¬†–¥–≤–∏–∂–µ–Ω–∏–µ¬†–ª–∏–±–æ –∞–Ω–∏–º–∞—Ü–∏—è –±—É–¥–µ—Ç –ø—Ä–∏–≤–æ–¥–∏—Ç—å –∫¬†–ø–æ—è–≤–ª–µ–Ω–∏—é —Ä–∞–∑–ª–∏—á–Ω—ã—Ö –∞—Ä—Ç–µ—Ñ–∞–∫—Ç–æ–≤ –Ω–∞—Å–ª–æ–µ–Ω–∏—é —Å–ø—Ä–∞–π—Ç–æ–≤, –º–æ—Ä–≥–∞–Ω–∏–µ –∫–∞–¥—Ä–∞, –∏ —Ç–∞–∫ –¥–∞–ª–µ–µ. –ß—Ç–æ¬†–±—ã —ç—Ç–æ–≥–æ –∏–∑–±–µ–∂–∞—Ç—å —Å–ª–µ–¥—É–µ—Ç —Å—Ñ–æ—Ä–º–∏—Ä–æ–≤–∞—Ç—å –¥–ª—è¬†–∫–∞–∂–¥–æ–≥–æ –∫–∞–¥—Ä–∞ –±—É—Ñ–µ—Ä —Å–ø—Ä–∞–π—Ç–æ–≤ –∏ –≤—ã–≤–µ—Å—Ç–∏ –Ω–∞¬†—ç–∫—Ä–∞–Ω.",Assembler *
"2023-02-28, 23:30",–ò—Å—Å–ª–µ–¥–æ–≤–∞–Ω–∏–µ –≤–∏–Ω—Ç–∞–∂–Ω–æ–π –∫–æ–º–ø—å—é—Ç–µ—Ä–Ω–æ–π —Ç–µ—Ö–Ω–∏–∫–∏: 4 –±–∏—Ç–∞ –¥—Ä–∞–∫–æ–Ω–æ–≤: –∏–≥—Ä–∞-–ª–∞–±–∏—Ä–∏–Ω—Ç Dungeons & Dragons –æ—Ç Mattel,"–ö–æ–≥–¥–∞ –º–æ–∏ —Ä–æ–¥–∏—Ç–µ–ª–∏ –ø—Ä–æ–¥–∞–ª–∏ –¥–æ–º –∏ –ø–µ—Ä–µ–±—Ä–∞–ª–∏—Å—å –Ω–∞ –±–µ–ª–æ—Å–Ω–µ–∂–Ω—ã–µ –ø—Ä–æ—Å—Ç–æ—Ä—ã –í–µ–ª–∏–∫–æ–≥–æ —Å–µ–≤–µ—Ä–∞, –æ–Ω–∏ –≤—ã–≤–µ–∑–ª–∏ –Ω–µ—Å–∫–æ–ª—å–∫–æ –∫–æ—Ä–æ–±–æ–∫ –º–æ–µ–≥–æ –±–∞—Ä–∞—Ö–ª–∞, –∫–æ—Ç–æ—Ä–æ–µ –¥–æ–ª–≥–æ –ø—ã–ª–∏–ª–æ—Å—å –≤ –≥–∞—Ä–∞–∂–µ. –ú—ã —Å–µ–π—á–∞—Å —Ä–∞–∑–±–∏—Ä–∞–µ–º –≤–µ—â–∏ –∏ —Ä–æ–µ–º—Å—è –≤ —ç—Ç–∏—Ö –∫–æ—Ä–æ–±–∫–∞—Ö –Ω–∞ —Å–ª—É—á–∞–π, –µ—Å–ª–∏ –≤ –Ω–µ —Å—Ç–æ–ª—å –¥–∞–ª—ë–∫–æ–º –±—É–¥—É—â–µ–º –Ω–∞–º —Å–∞–º–∏–º –ø–æ–Ω–∞–¥–æ–±–∏—Ç—Å—è –ø–µ—Ä–µ–µ—Ö–∞—Ç—å. –í –æ–¥–Ω–æ–π –∏–∑ –∫–æ—Ä–æ–±–æ–∫ –Ω–∞—à–ª–∞—Å—å –º–æ—è —Å—Ç–∞—Ä–∞—è –∫–æ–º–ø—å—é—Ç–µ—Ä–Ω–∞—è –∏–≥—Ä–∞-–ª–∞–±–∏—Ä–∏–Ω—Ç DUNGEONS & DRAGONS‚Ñ¢ –æ—Ç Mattel Electronics.
–≠—Ç–æ –±–æ–ª—å—à–∞—è, ¬´–¥–µ–ª—é–∫—Å–æ–≤–∞—è¬ª –∏–∑ –¥–≤—É—Ö –∏–≥—Ä D&D –æ—Ç Mattel (—É Intellivision, –∫–æ–Ω–µ—á–Ω–æ, –±—ã–ª —Å–≤–æ–π –Ω–∞–±–æ—Ä, –∞ —É –Ω–∞—Å –±—ã–ª Tandyvision), –≤—Ç–æ—Ä–∞—è ‚Äî DUNGEONS & DRAGONS‚Ñ¢ –∫–æ–º–ø—å—é—Ç–µ—Ä–Ω–∞—è –∏–≥—Ä–∞ –≤ –∂–∞–Ω—Ä–µ —Ñ—ç–Ω—Ç–µ–∑–∏. –≠—Ç–æ –±—ã–ª–æ –ø–æ—Ä—Ç–∞—Ç–∏–≤–Ω–æ–µ —É—Å—Ç—Ä–æ–π—Å—Ç–≤–æ —Å –Ω–µ–æ–∂–∏–¥–∞–Ω–Ω–æ –ø—Ä–∏–≤–ª–µ–∫–∞—Ç–µ–ª—å–Ω–æ–π —Ä–µ–∏–Ω–∫–∞—Ä–Ω–∞—Ü–∏–µ–π –∏–≥—Ä—ã Hunt the Wumpus, –æ –∫–æ—Ç–æ—Ä–æ–π –º—ã –ø–æ–≥–æ–≤–æ—Ä–∏–º –≤ –¥—Ä—É–≥–æ–π —Ä–∞–∑. –≠—Ç–∞ –∏–≥—Ä–∞ –±–æ–ª—å—à–µ –ø–æ—Ö–æ–∂–∞ –Ω–∞ –Ω–∞—Å—Ç–æ–ª–∫—É, –Ω–æ –≤ –Ω–µ–π –µ—Å—Ç—å –∫–æ–º–ø—å—é—Ç–µ—Ä–Ω—ã–π –∞–Ω—Ç–∞–≥–æ–Ω–∏—Å—Ç –∏ –∑–≤—É–∫–æ–≤–æ–µ —Å–æ–ø—Ä–æ–≤–æ–∂–¥–µ–Ω–∏–µ.",–ë–ª–æ–≥ –∫–æ–º–ø–∞–Ω–∏–∏ SkillFactory –°—Ç–∞—Ä–æ–µ –∂–µ–ª–µ–∑–æ –ò–≥—Ä—ã –∏ –∏–≥—Ä–æ–≤—ã–µ –∫–æ–Ω—Å–æ–ª–∏ –≠–ª–µ–∫—Ç—Ä–æ–Ω–∏–∫–∞ –¥–ª—è –Ω–∞—á–∏–Ω–∞—é—â–∏—Ö
"2023-02-28, 23:23","–ï–≥–æ –≤–µ–ª–∏—á–µ—Å—Ç–≤–æ –ü–∞–π–ø, –∏–ª–∏ –∫–∞–∫ –∑–∞—Å—Ç–∞–≤–∏—Ç—å ssh tunnel –æ—Ç–∫—Ä—ã—Ç—å RDP –Ω–∞ –¥—Ä—É–≥–æ–º –∫–æ–Ω—Ü–µ —á–µ—Ä–µ–∑ –∞–ª—å—Ç–µ—Ä–Ω–∞—Ç–∏–≤–Ω—ã–π IP","–î–ª—è –Ω–∞—á–∞–ª–∞, –≤—Å–ø–æ–º–Ω–∏–º –Ω–µ–∫–æ—Ç–æ—Ä—ã–µ –±–∞–∑–æ–≤—ã–µ –≤–µ—â–∏ –û–° Unix. –õ—é–±–æ–π –ø—Ä–æ—Ü–µ—Å—Å –≤ Unix –∏–º–µ–µ—Ç —Ç—Ä–∏ –æ—Ç–∫—Ä—ã—Ç—ã—Ö —Ñ–∞–π–ª–∞ –ø–æ —É–º–æ–ª—á–∞–Ω–∏—é (–æ–Ω –∫–æ–Ω–µ—á–Ω–æ –º–æ–∂–µ—Ç –∏—Ö –ø–æ—Ç–æ–º –∑–∞–∫—Ä—ã—Ç—å):",*nix *
"2023-02-28, 21:50",–ò–Ω—Ç–µ—Ä–≤—å—é —Å –æ–¥–Ω–∏–º –∏–∑ —Ä–∞–∑—Ä–∞–±–æ—Ç—á–∏–∫–æ–≤ –∏–≥—Ä –∏–Ω–¥–∏-—Å—Ç—É–¥–∏–∏ Creepy Brothers,"–Ø –ø—Ä–æ–¥–æ–ª–∂–∞—é —Å–µ—Ä–∏—é –∏–Ω—Ç–µ—Ä–≤—å—é —Å –æ—Ç–µ—á–µ—Å—Ç–≤–µ–Ω–Ω—ã–º–∏ —Ä–∞–∑—Ä–∞–±–æ—Ç—á–∏–∫–∞–º–∏ –∏–≥—Ä. –ù–µ —Ç–∞–∫ –¥–∞–≤–Ω–æ –Ω–∞ –•–∞–±—Ä–µ —É–∂–µ –±—ã–ª –º–∞—Ç–µ—Ä–∏–∞–ª –ø—Ä–æ –∏–Ω–¥–∏-—Å—Ç—É–¥–∏—é Baba Yaga Games, –ø–æ—Ç–æ–º –ø—Ä–æ –º–æ–±–∏–ª—å–Ω—ã—Ö —Ä–∞–∑—Ä–∞–±–æ—Ç—á–∏–∫–æ–≤ Black Caviar Games. –ù–∞ –æ—á–µ—Ä–µ–¥–∏ —Å—Ç—É–¥–∏—è —Ä–∞–∑—Ä–∞–±–æ—Ç–∫–∏, –∫–æ—Ç–æ—Ä–∞—è —Å—É—â–µ—Å—Ç–≤—É–µ—Ç —É–∂–µ 13 –ª–µ—Ç¬† ‚Äî —ç—Ç–æ —Å—Ç—É–¥–∏—è Creepy Brothers.",–†–∞–∑—Ä–∞–±–æ—Ç–∫–∞ –∏–≥—Ä *–ò–≥—Ä—ã –∏ –∏–≥—Ä–æ–≤—ã–µ –∫–æ–Ω—Å–æ–ª–∏ IT-–∫–æ–º–ø–∞–Ω–∏–∏
"2023-02-28, 20:49",–°—Ä–∞–≤–Ω–µ–Ω–∏–µ –ø—Ä–æ—Ü–µ—Å—Å–æ—Ä–æ–≤ Sun Sparc —Å –ø—Ä–æ—Ü–µ—Å—Å–æ—Ä–∞–º–∏ –ú–¶–°–¢-R,"–ù–µ–¥–∞–≤–Ω–æ —É–¥–∞–ª–æ—Å—å –ø–æ–ª—É—á–∏—Ç—å —É–¥–∞–ª—ë–Ω–Ω—ã–π –¥–æ—Å—Ç—É–ø –∫¬†–∫–æ–º–ø—å—é—Ç–µ—Ä—É –î–º–∏—Ç—Ä–∏—è –ë–∞—á–∏–ª–æ Sun Blade 1500¬†–Ω–∞¬†–ø—Ä–æ—Ü–µ—Å—Å–æ—Ä–µ Ultra Sparc IIIi, –∫–æ—Ç–æ—Ä—ã–π –≤—ã—Å—Ç–∞–≤–ª—è–µ—Ç—Å—è –≤¬†–µ–≥–æ –Ω–µ–¥–∞–≤–Ω–æ –æ—Ç–∫—Ä—ã—Ç–æ–º –º—É–∑–µ–µ, –∞¬†—Ç–∞–∫–∂–µ –ø–æ–ø—Ä–æ—Å–∏–ª –ø–æ–ª—å–∑–æ–≤–∞—Ç–µ–ª—è Limows –ø—Ä–æ—Ç–µ—Å—Ç–∏—Ä–æ–≤–∞—Ç—å –º–∞—à–∏–Ω—É Netra T1¬†—Å¬†–ø—Ä–æ—Ü–µ—Å—Å–æ—Ä–æ–º Ultra Sparc IIe 500¬†–ú–ì—Ü. –ü–ª—é—Å —É–¥–∞–ª—ë–Ω–Ω–æ —É–¥–∞–ª–æ—Å—å –ø–æ–ª—É—á–∏—Ç—å —Ä–µ–∑—É–ª—å—Ç–∞—Ç—ã —Ç–µ—Å—Ç–æ–≤ –ø—Ä–æ—Ü–µ—Å—Å–æ—Ä–æ–≤ —Å–µ—Ä–∏–∏ –ú–¶–°–¢‚ÄëR –Ω–∞¬†–∞—Ä—Ö–∏—Ç–µ–∫—Ç—É—Ä–µ SPARC, –ø–æ—ç—Ç–æ–º—É —è —Ä–µ—à–∏–ª —Å—Ä–∞–≤–Ω–∏—Ç—å –ø—Ä–æ–∏–∑–≤–æ–¥–∏—Ç–µ–ª—å–Ω–æ—Å—Ç—å –ø—Ä–æ—Ü–µ—Å—Å–æ—Ä–æ–≤ –æ—Ç¬†–∫–æ–º–ø–∞–Ω–∏–∏ SUN (–∫–æ—Ç–æ—Ä—É—é –∫—É–ø–∏–ª Oracle) –∏ –ú–¶–°–¢.",–ö–æ–º–ø—å—é—Ç–µ—Ä–Ω–æ–µ –∂–µ–ª–µ–∑–æ –ü—Ä–æ—Ü–µ—Å—Å–æ—Ä—ã
"2023-02-28, 20:21",–ì–∞–π–¥ –ø–æ –Ω–∞—Å—Ç—Ä–æ–π–∫–µ IoC-–∫–æ–Ω—Ç–µ–π–Ω–µ—Ä–∞ –≤ –∫–æ–Ω—Å–æ–ª—å–Ω–æ–º –ø—Ä–∏–ª–æ–∂–µ–Ω–∏–∏ .NET core,"–°—Ç–∞—Ç—å—è‚Äë–≥–∞–π–¥ –æ—Ç¬†–≤–µ–¥—É—â–µ–≥–æ.NET‚Äë—Ä–∞–∑—Ä–∞–±–æ—Ç—á–∏–∫–∞ ¬´ITQ Group¬ª –ê–ª–µ–∫—Å–∞–Ω–¥—Ä–∞ –ë–µ—Ä–µ–≥–æ–≤–æ–≥–æ.–ë—ã–≤–∞–µ—Ç, —á—Ç–æ¬†–Ω—É–∂–Ω–æ –Ω–∞–ø–∏—Å–∞—Ç—å –∫–æ–Ω—Å–æ–ª—å–Ω–æ–µ –ø—Ä–∏–ª–æ–∂–µ–Ω–∏–µ –±–µ–∑¬†–∏—Å–ø–æ–ª—å–∑–æ–≤–∞–Ω–∏—è IHost, –Ω–æ¬†–ø—Ä–∏¬†—ç—Ç–æ–º –∏–º–µ—Ç—å —É–¥–æ–±—Å—Ç–≤–∞ IoC, –ø–æ–¥–¥–µ—Ä–∂–∫—É –∫–æ–Ω—Ñ–∏–≥—É—Ä–∞—Ü–∏–æ–Ω–Ω—ã—Ö —Ñ–∞–π–ª–æ–≤ –∏ –ø–µ—Ä–µ–º–µ–Ω–Ω—ã—Ö –æ–∫—Ä—É–∂–∞—é—â–µ–π —Å—Ä–µ–¥—ã. –í¬†—ç—Ç–æ–π —Å—Ç–∞—Ç—å–µ —è –∏ —Ä–∞—Å—Å–∫–∞–∂—É, –∫–∞–∫¬†—Å¬†–º–∏–Ω–∏–º–∞–ª—å–Ω—ã–º–∏ —É—Å–∏–ª–∏—è–º–∏ —Å–¥–µ–ª–∞—Ç—å —Ç–∞–∫–æ–µ –ø—Ä–∏–ª–æ–∂–µ–Ω–∏–µ.",–ë–ª–æ–≥ –∫–æ–º–ø–∞–Ω–∏–∏ ITQ Group .NET *C# *
"2023-02-28, 20:04",–õ–∞–±–∏—Ä–∏–Ω—Ç –≤–Ω—É—Ç—Ä–∏ –ª–∞–±–æ—Ä–∞—Ç–æ—Ä–Ω–æ–π –º—ã—à–∫–∏,"–Ø –ø—Ä–∏—à–µ–ª –≤¬†Google –Ω–µ–∑–∞–¥–æ–ª–≥–æ –¥–æ¬†–ø–∞–Ω–¥–µ–º–∏–∏, –∫–æ–≥–¥–∞ –∫–æ–º–ø–∞–Ω–∏—è AppSheet, –≤¬†–∫–æ—Ç–æ—Ä–æ–π —è¬†–±—ã–ª –æ–¥–Ω–∏–º –∏–∑¬†–æ—Å–Ω–æ–≤–∞—Ç–µ–ª–µ–π,¬†–±—ã–ª–∞ –ø–æ–≥–ª–æ—â–µ–Ω–∞ Google Cloud. –ö–æ–º–∞–Ω–¥–∞ –ø–æ–≥–ª–æ—â–µ–Ω–∏—è –∏ —Ä—É–∫–æ–≤–æ–¥—Å—Ç–≤–æ –∫–æ–º–ø–∞–Ω–∏–∏ —Ä–∞–¥—É—à–Ω–æ –ø—Ä–∏–Ω—è–ª–∏ –Ω–∞—Å –∏ –ø—Ä–µ–∫—Ä–∞—Å–Ω–æ –∫¬†–Ω–∞–º –æ—Ç–Ω–æ—Å–∏–ª–∏—Å—å. –ú—ã –≤–ª–∏–ª–∏—Å—å –≤¬†–∫–æ–ª–ª–µ–∫—Ç–∏–≤ —Å¬†–±–æ–ª—å—à–∏–º —ç–Ω—Ç—É–∑–∏–∞–∑–º–æ–º –∏ –≥–æ—Ç–æ–≤–Ω–æ—Å—Ç—å—é –∏–Ω—Ç–µ–≥—Ä–∏—Ä–æ–≤–∞—Ç—å AppSheet –≤¬†Google –∏ —Å–¥–µ–ª–∞—Ç—å –ø—Ä–æ–µ–∫—Ç —É—Å–ø–µ—à–Ω—ã–º. –û–¥–Ω–∞–∫–æ —Ç–µ–ø–µ—Ä—å, –ø–æ¬†–∏—Å—Ç–µ—á–µ–Ω–∏–∏ —Ç—Ä–µ—Ö –ª–µ—Ç –æ–±—è–∑–∞—Ç–µ–ª—å–Ω–æ–≥–æ –∫–æ–Ω—Ç—Ä–∞–∫—Ç–∞, —è —É–≤–æ–ª–∏–ª—Å—è –∏–∑¬†Google, –æ—Å–æ–∑–Ω–∞–≤, —á—Ç–æ¬†–Ω–µ–∫–æ–≥–¥–∞ –≤–µ–ª–∏–∫–∞—è –∫–æ–º–ø–∞–Ω–∏—è –ø–æ—Ç–∏—Ö–æ–Ω—å–∫—É –ø–µ—Ä–µ—Å—Ç–∞–µ—Ç —Ä–∞–±–æ—Ç–∞—Ç—å –∫–∞–∫¬†–¥–æ–ª–∂–Ω–æ.",–ë–ª–æ–≥ –∫–æ–º–ø–∞–Ω–∏–∏ ISPsystem –£–ø—Ä–∞–≤–ª–µ–Ω–∏–µ –ø–µ—Ä—Å–æ–Ω–∞–ª–æ–º *–ö–∞—Ä—å–µ—Ä–∞ –≤ IT-–∏–Ω–¥—É—Å—Ç—Ä–∏–∏ IT-–∫–æ–º–ø–∞–Ω–∏–∏
"2023-02-28, 19:57",–õ–∏—Å—Ç–∏–∫–ª—Å ‚Äì –ø—Ä–æ—Å—Ç–æ–π –º–µ—Ç–æ–¥ —Å—Ä–∞–≤–Ω–∏—Ç–µ–ª—å–Ω–æ–≥–æ –∞–Ω–∞–ª–∏–∑–∞ –≤–∞—à–µ–≥–æ –ø—Ä–µ–¥–ª–æ–∂–µ–Ω–∏—è —Å –∞–ª—å—Ç–µ—Ä–Ω–∞—Ç–∏–≤–∞–º–∏,"–£¬†–º–µ–Ω—è –µ—Å—Ç—å —É–±–æ–π–Ω–∞—è –∏–¥–µ—è –¥–ª—è¬†–Ω–æ–≤–æ–≥–æ –ø—Ä–æ–¥—É–∫—Ç–∞! –û–Ω –±—É–¥–µ—Ç –∫—Ä—É—á–µ –≤—Å–µ—Ö. –£¬†–Ω–µ–≥–æ –±—É–¥–µ—Ç –≤–æ—Ç —Ç–∞–∫–∞—è –∫–ª–∞—Å—Å–Ω–∞—è —Ñ—É–Ω–∫—Ü–∏—è, –∏ –≤–æ—Ç —Ç–∞–∫–æ–π –∫—Ä—É—Ç–æ–π –∏–Ω—Ç–µ—Ä—Ñ–µ–π—Å, —Å¬†–±–ª–æ–∫—á–µ–π–Ω–æ–º –∏ –∏—Å–∫—É—Å—Å—Ç–≤–µ–Ω–Ω—ã–º –∏–Ω—Ç–µ–ª–ª–µ–∫—Ç–æ–º, —Å¬†–±–ª—ç–∫–¥–∂–µ–∫–æ–º –∏‚Ä¶ –Ω—É –≤—ã –∑–Ω–∞–µ—Ç–µ‚Ä¶–°—Ä–∞–∑—É –±—É–¥–µ–º –¥–µ–ª–∞—Ç—å? –ò–ª–∏¬†—Å–Ω–∞—á–∞–ª–∞ –ø—Ä–æ–≤–µ—Ä–∏–º, –∞¬†–∫—Ç–æ‚Äë—Ç–æ –≤–æ–æ–±—â–µ –µ–≥–æ –∫—É–ø–∏—Ç?–Ø —É–≤–µ—Ä–µ–Ω, —á—Ç–æ¬†—É —Å—Ç–∞—Ç–µ–π‚Äë—Å–ø–∏—Å–∫–æ–≤ –µ—Å—Ç—å –æ–≥—Ä–æ–º–Ω—ã–π –ø–æ—Ç–µ–Ω—Ü–∏–∞–ª –¥–ª—è¬†–ø—Ä–æ–≤–µ—Ä–∫–∏ –≥–∏–ø–æ—Ç–µ–∑ –æ¬†—Å–ø—Ä–æ—Å–µ.",Agile *–£–ø—Ä–∞–≤–ª–µ–Ω–∏–µ –ø—Ä–æ–¥—É–∫—Ç–æ–º *
"2023-02-28, 19:35",–ü—Ä–∏–Ω—Ü–∏–ø –æ–ø—Ä–µ–¥–µ–ª–µ–Ω–∏—è –¥–∞–ª—å–Ω–æ—Å—Ç–∏ –º–µ–∂–¥—É —Ä–∞–¥–∏–æ —Ç—Ä–∞–Ω—Å–∏–≤–µ—Ä–∞–º–∏,"–ù–∞—Å—Ç–∞–ª –≤—Ç–æ—Ä–æ–π –∑–∞ 11¬†–ª–µ—Ç —Å–ª—É—á–∞–π, –∫–æ–≥–¥–∞ –≤¬†–ø—Ä–æ—Ñ–µ—Å—Å–∏–∏ –ø—Ä–æ–≥—Ä–∞–º–º–∏—Å—Ç‚Äë–º–∏–∫—Ä–æ–∫–æ–Ω—Ç—Ä–æ–ª–ª–µ—Ä–æ–≤ –ø–æ–Ω–∞–¥–æ–±–∏–ª–∞—Å—å –º–∞—Ç–µ–º–∞—Ç–∏–∫–∞. –û–Ω–∞ –Ω—É–∂–Ω–∞ —á—Ç–æ–±—ã —Ä–µ—à–∏—Ç—å –∑–∞–¥–∞—á—É –∏–∑¬†—Ä–∞–¥–∏–æ—Ç–µ—Ö–Ω–∏–∫–∏.–í¬†—ç—Ç–æ–º —Ç–µ–∫—Å—Ç–µ –ø–æ–∫–∞–∑–∞–Ω –∞–ª–≥–æ—Ä–∏—Ç–º –æ–ø—Ä–µ–¥–µ–ª–µ–Ω–∏—è –¥–∞–ª—å–Ω–æ—Å—Ç–∏ –º–µ–∂–¥—É —Ä–∞–¥–∏–æ —Ç—Ä–∞–Ω—Å–∏–≤–µ—Ä–∞–º–∏.",–ë–µ—Å–ø—Ä–æ–≤–æ–¥–Ω—ã–µ —Ç–µ—Ö–Ω–æ–ª–æ–≥–∏–∏ *–†–∞–∑—Ä–∞–±–æ—Ç–∫–∞ —Ä–æ–±–æ—Ç–æ—Ç–µ—Ö–Ω–∏–∫–∏ *–ü—Ä–æ–≥—Ä–∞–º–º–∏—Ä–æ–≤–∞–Ω–∏–µ –º–∏–∫—Ä–æ–∫–æ–Ω—Ç—Ä–æ–ª–ª–µ—Ä–æ–≤ *–ü—Ä–æ–∏–∑–≤–æ–¥—Å—Ç–≤–æ –∏ —Ä–∞–∑—Ä–∞–±–æ—Ç–∫–∞ —ç–ª–µ–∫—Ç—Ä–æ–Ω–∏–∫–∏ *–ù–∞—É—á–Ω–æ-–ø–æ–ø—É–ª—è—Ä–Ω–æ–µ
